--
-- PostgreSQL database dump
--

\restrict W6gpXzxEvyqpMut7CpRl8Loj2ITP03K3zB1Gh7edJeNx4f71Ul8qDS4okFsHYzw

-- Dumped from database version 15.15 (Debian 15.15-1.pgdg13+1)
-- Dumped by pg_dump version 15.15 (Debian 15.15-1.pgdg13+1)

SET statement_timeout = 0;
SET lock_timeout = 0;
SET idle_in_transaction_session_timeout = 0;
SET client_encoding = 'UTF8';
SET standard_conforming_strings = on;
SELECT pg_catalog.set_config('search_path', '', false);
SET check_function_bodies = false;
SET xmloption = content;
SET client_min_messages = warning;
SET row_security = off;

SET default_tablespace = '';

SET default_table_access_method = heap;

--
-- Name: Tutorias_asesoria; Type: TABLE; Schema: public; Owner: postgres
--

CREATE TABLE public."Tutorias_asesoria" (
    id bigint NOT NULL,
    tema character varying(120) NOT NULL,
    fecha timestamp with time zone NOT NULL,
    descripcion character varying(255) NOT NULL,
    alumno_id bigint NOT NULL,
    tutor_id bigint NOT NULL
);


ALTER TABLE public."Tutorias_asesoria" OWNER TO postgres;

--
-- Name: Tutorias_asesoria_id_seq; Type: SEQUENCE; Schema: public; Owner: postgres
--

ALTER TABLE public."Tutorias_asesoria" ALTER COLUMN id ADD GENERATED BY DEFAULT AS IDENTITY (
    SEQUENCE NAME public."Tutorias_asesoria_id_seq"
    START WITH 1
    INCREMENT BY 1
    NO MINVALUE
    NO MAXVALUE
    CACHE 1
);


--
-- Name: Tutorias_historialcambiotutoria; Type: TABLE; Schema: public; Owner: postgres
--

CREATE TABLE public."Tutorias_historialcambiotutoria" (
    id bigint NOT NULL,
    correo_editor character varying(254) NOT NULL,
    cambios_realizados text NOT NULL,
    fecha_cambio timestamp with time zone NOT NULL,
    tutoria_id bigint NOT NULL
);


ALTER TABLE public."Tutorias_historialcambiotutoria" OWNER TO postgres;

--
-- Name: Tutorias_historialcambiotutoria_id_seq; Type: SEQUENCE; Schema: public; Owner: postgres
--

ALTER TABLE public."Tutorias_historialcambiotutoria" ALTER COLUMN id ADD GENERATED BY DEFAULT AS IDENTITY (
    SEQUENCE NAME public."Tutorias_historialcambiotutoria_id_seq"
    START WITH 1
    INCREMENT BY 1
    NO MINVALUE
    NO MAXVALUE
    CACHE 1
);


--
-- Name: Tutorias_tutoria; Type: TABLE; Schema: public; Owner: postgres
--

CREATE TABLE public."Tutorias_tutoria" (
    id bigint NOT NULL,
    tema character varying(4)[] NOT NULL,
    fecha timestamp with time zone NOT NULL,
    descripcion character varying(255),
    estado character varying(4) NOT NULL,
    asistencia boolean,
    duracion integer,
    firma_documentos_beca boolean,
    beca_otorgada character varying(255),
    asesoria_especializada boolean,
    observaciones character varying(1000),
    impacto_tutoria integer,
    resultados_tutoria character varying(1000),
    alumno_id bigint NOT NULL,
    tutor_id bigint NOT NULL,
    estado_alumno_historico integer
);


ALTER TABLE public."Tutorias_tutoria" OWNER TO postgres;

--
-- Name: Tutorias_tutoria_id_seq; Type: SEQUENCE; Schema: public; Owner: postgres
--

ALTER TABLE public."Tutorias_tutoria" ALTER COLUMN id ADD GENERATED BY DEFAULT AS IDENTITY (
    SEQUENCE NAME public."Tutorias_tutoria_id_seq"
    START WITH 1
    INCREMENT BY 1
    NO MINVALUE
    NO MAXVALUE
    CACHE 1
);


--
-- Name: Usuarios_alumno; Type: TABLE; Schema: public; Owner: postgres
--

CREATE TABLE public."Usuarios_alumno" (
    usuario_ptr_id bigint NOT NULL,
    carrera character varying(30) NOT NULL,
    trayectoria character varying(100),
    estado integer,
    trimestre_ingreso character varying(30),
    tutor_asignado_id bigint NOT NULL,
    rfc character varying(30)
);


ALTER TABLE public."Usuarios_alumno" OWNER TO postgres;

--
-- Name: Usuarios_coda; Type: TABLE; Schema: public; Owner: postgres
--

CREATE TABLE public."Usuarios_coda" (
    usuario_ptr_id bigint NOT NULL,
    cubiculo integer NOT NULL,
    horario character varying(100),
    es_coordinador boolean NOT NULL,
    tema_tutorias character varying(4) NOT NULL
);


ALTER TABLE public."Usuarios_coda" OWNER TO postgres;

--
-- Name: Usuarios_cordinador; Type: TABLE; Schema: public; Owner: postgres
--

CREATE TABLE public."Usuarios_cordinador" (
    usuario_ptr_id bigint NOT NULL,
    cubiculo integer NOT NULL,
    horario character varying(100),
    coordinacion character varying(30) NOT NULL,
    es_coordinador boolean NOT NULL,
    es_tutor boolean NOT NULL,
    tutor_tutorias boolean NOT NULL,
    tutor_relacion_id bigint
);


ALTER TABLE public."Usuarios_cordinador" OWNER TO postgres;

--
-- Name: Usuarios_documento; Type: TABLE; Schema: public; Owner: postgres
--

CREATE TABLE public."Usuarios_documento" (
    id bigint NOT NULL,
    nombre character varying(255) NOT NULL,
    archivo character varying(100) NOT NULL,
    fecha_subida timestamp with time zone NOT NULL
);


ALTER TABLE public."Usuarios_documento" OWNER TO postgres;

--
-- Name: Usuarios_documento_id_seq; Type: SEQUENCE; Schema: public; Owner: postgres
--

ALTER TABLE public."Usuarios_documento" ALTER COLUMN id ADD GENERATED BY DEFAULT AS IDENTITY (
    SEQUENCE NAME public."Usuarios_documento_id_seq"
    START WITH 1
    INCREMENT BY 1
    NO MINVALUE
    NO MAXVALUE
    CACHE 1
);


--
-- Name: Usuarios_tutor; Type: TABLE; Schema: public; Owner: postgres
--

CREATE TABLE public."Usuarios_tutor" (
    usuario_ptr_id bigint NOT NULL,
    cubiculo integer NOT NULL,
    horario character varying(100),
    coordinacion character varying(30) NOT NULL,
    es_coordinador boolean NOT NULL,
    es_tutor boolean NOT NULL,
    tema_tutorias character varying(4) NOT NULL
);


ALTER TABLE public."Usuarios_tutor" OWNER TO postgres;

--
-- Name: Usuarios_usuario; Type: TABLE; Schema: public; Owner: postgres
--

CREATE TABLE public."Usuarios_usuario" (
    id bigint NOT NULL,
    password character varying(128) NOT NULL,
    last_login timestamp with time zone,
    is_superuser boolean NOT NULL,
    first_name character varying(150) NOT NULL,
    last_name character varying(150) NOT NULL,
    is_staff boolean NOT NULL,
    is_active boolean NOT NULL,
    date_joined timestamp with time zone NOT NULL,
    matricula character varying(11) NOT NULL,
    foto character varying(100),
    email character varying(254) NOT NULL,
    correo_personal character varying(50),
    rol character varying(8)[] NOT NULL,
    sexo character varying(30),
    second_last_name character varying(150)
);


ALTER TABLE public."Usuarios_usuario" OWNER TO postgres;

--
-- Name: Usuarios_usuario_groups; Type: TABLE; Schema: public; Owner: postgres
--

CREATE TABLE public."Usuarios_usuario_groups" (
    id bigint NOT NULL,
    usuario_id bigint NOT NULL,
    group_id integer NOT NULL
);


ALTER TABLE public."Usuarios_usuario_groups" OWNER TO postgres;

--
-- Name: Usuarios_usuario_groups_id_seq; Type: SEQUENCE; Schema: public; Owner: postgres
--

ALTER TABLE public."Usuarios_usuario_groups" ALTER COLUMN id ADD GENERATED BY DEFAULT AS IDENTITY (
    SEQUENCE NAME public."Usuarios_usuario_groups_id_seq"
    START WITH 1
    INCREMENT BY 1
    NO MINVALUE
    NO MAXVALUE
    CACHE 1
);


--
-- Name: Usuarios_usuario_id_seq; Type: SEQUENCE; Schema: public; Owner: postgres
--

ALTER TABLE public."Usuarios_usuario" ALTER COLUMN id ADD GENERATED BY DEFAULT AS IDENTITY (
    SEQUENCE NAME public."Usuarios_usuario_id_seq"
    START WITH 1
    INCREMENT BY 1
    NO MINVALUE
    NO MAXVALUE
    CACHE 1
);


--
-- Name: Usuarios_usuario_user_permissions; Type: TABLE; Schema: public; Owner: postgres
--

CREATE TABLE public."Usuarios_usuario_user_permissions" (
    id bigint NOT NULL,
    usuario_id bigint NOT NULL,
    permission_id integer NOT NULL
);


ALTER TABLE public."Usuarios_usuario_user_permissions" OWNER TO postgres;

--
-- Name: Usuarios_usuario_user_permissions_id_seq; Type: SEQUENCE; Schema: public; Owner: postgres
--

ALTER TABLE public."Usuarios_usuario_user_permissions" ALTER COLUMN id ADD GENERATED BY DEFAULT AS IDENTITY (
    SEQUENCE NAME public."Usuarios_usuario_user_permissions_id_seq"
    START WITH 1
    INCREMENT BY 1
    NO MINVALUE
    NO MAXVALUE
    CACHE 1
);


--
-- Name: auth_group; Type: TABLE; Schema: public; Owner: postgres
--

CREATE TABLE public.auth_group (
    id integer NOT NULL,
    name character varying(150) NOT NULL
);


ALTER TABLE public.auth_group OWNER TO postgres;

--
-- Name: auth_group_id_seq; Type: SEQUENCE; Schema: public; Owner: postgres
--

ALTER TABLE public.auth_group ALTER COLUMN id ADD GENERATED BY DEFAULT AS IDENTITY (
    SEQUENCE NAME public.auth_group_id_seq
    START WITH 1
    INCREMENT BY 1
    NO MINVALUE
    NO MAXVALUE
    CACHE 1
);


--
-- Name: auth_group_permissions; Type: TABLE; Schema: public; Owner: postgres
--

CREATE TABLE public.auth_group_permissions (
    id bigint NOT NULL,
    group_id integer NOT NULL,
    permission_id integer NOT NULL
);


ALTER TABLE public.auth_group_permissions OWNER TO postgres;

--
-- Name: auth_group_permissions_id_seq; Type: SEQUENCE; Schema: public; Owner: postgres
--

ALTER TABLE public.auth_group_permissions ALTER COLUMN id ADD GENERATED BY DEFAULT AS IDENTITY (
    SEQUENCE NAME public.auth_group_permissions_id_seq
    START WITH 1
    INCREMENT BY 1
    NO MINVALUE
    NO MAXVALUE
    CACHE 1
);


--
-- Name: auth_permission; Type: TABLE; Schema: public; Owner: postgres
--

CREATE TABLE public.auth_permission (
    id integer NOT NULL,
    name character varying(255) NOT NULL,
    content_type_id integer NOT NULL,
    codename character varying(100) NOT NULL
);


ALTER TABLE public.auth_permission OWNER TO postgres;

--
-- Name: auth_permission_id_seq; Type: SEQUENCE; Schema: public; Owner: postgres
--

ALTER TABLE public.auth_permission ALTER COLUMN id ADD GENERATED BY DEFAULT AS IDENTITY (
    SEQUENCE NAME public.auth_permission_id_seq
    START WITH 1
    INCREMENT BY 1
    NO MINVALUE
    NO MAXVALUE
    CACHE 1
);


--
-- Name: django_admin_log; Type: TABLE; Schema: public; Owner: postgres
--

CREATE TABLE public.django_admin_log (
    id integer NOT NULL,
    action_time timestamp with time zone NOT NULL,
    object_id text,
    object_repr character varying(200) NOT NULL,
    action_flag smallint NOT NULL,
    change_message text NOT NULL,
    content_type_id integer,
    user_id bigint NOT NULL,
    CONSTRAINT django_admin_log_action_flag_check CHECK ((action_flag >= 0))
);


ALTER TABLE public.django_admin_log OWNER TO postgres;

--
-- Name: django_admin_log_id_seq; Type: SEQUENCE; Schema: public; Owner: postgres
--

ALTER TABLE public.django_admin_log ALTER COLUMN id ADD GENERATED BY DEFAULT AS IDENTITY (
    SEQUENCE NAME public.django_admin_log_id_seq
    START WITH 1
    INCREMENT BY 1
    NO MINVALUE
    NO MAXVALUE
    CACHE 1
);


--
-- Name: django_content_type; Type: TABLE; Schema: public; Owner: postgres
--

CREATE TABLE public.django_content_type (
    id integer NOT NULL,
    app_label character varying(100) NOT NULL,
    model character varying(100) NOT NULL
);


ALTER TABLE public.django_content_type OWNER TO postgres;

--
-- Name: django_content_type_id_seq; Type: SEQUENCE; Schema: public; Owner: postgres
--

ALTER TABLE public.django_content_type ALTER COLUMN id ADD GENERATED BY DEFAULT AS IDENTITY (
    SEQUENCE NAME public.django_content_type_id_seq
    START WITH 1
    INCREMENT BY 1
    NO MINVALUE
    NO MAXVALUE
    CACHE 1
);


--
-- Name: django_migrations; Type: TABLE; Schema: public; Owner: postgres
--

CREATE TABLE public.django_migrations (
    id bigint NOT NULL,
    app character varying(255) NOT NULL,
    name character varying(255) NOT NULL,
    applied timestamp with time zone NOT NULL
);


ALTER TABLE public.django_migrations OWNER TO postgres;

--
-- Name: django_migrations_id_seq; Type: SEQUENCE; Schema: public; Owner: postgres
--

ALTER TABLE public.django_migrations ALTER COLUMN id ADD GENERATED BY DEFAULT AS IDENTITY (
    SEQUENCE NAME public.django_migrations_id_seq
    START WITH 1
    INCREMENT BY 1
    NO MINVALUE
    NO MAXVALUE
    CACHE 1
);


--
-- Name: django_session; Type: TABLE; Schema: public; Owner: postgres
--

CREATE TABLE public.django_session (
    session_key character varying(40) NOT NULL,
    session_data text NOT NULL,
    expire_date timestamp with time zone NOT NULL
);


ALTER TABLE public.django_session OWNER TO postgres;

--
-- Name: notifications_notification; Type: TABLE; Schema: public; Owner: postgres
--

CREATE TABLE public.notifications_notification (
    id integer NOT NULL,
    level character varying(20) NOT NULL,
    unread boolean NOT NULL,
    actor_object_id character varying(255) NOT NULL,
    verb character varying(255) NOT NULL,
    description text,
    target_object_id character varying(255),
    action_object_object_id character varying(255),
    "timestamp" timestamp with time zone NOT NULL,
    public boolean NOT NULL,
    action_object_content_type_id integer,
    actor_content_type_id integer NOT NULL,
    recipient_id bigint NOT NULL,
    target_content_type_id integer,
    deleted boolean NOT NULL,
    emailed boolean NOT NULL,
    data text
);


ALTER TABLE public.notifications_notification OWNER TO postgres;

--
-- Name: notifications_notification_id_seq; Type: SEQUENCE; Schema: public; Owner: postgres
--

ALTER TABLE public.notifications_notification ALTER COLUMN id ADD GENERATED BY DEFAULT AS IDENTITY (
    SEQUENCE NAME public.notifications_notification_id_seq
    START WITH 1
    INCREMENT BY 1
    NO MINVALUE
    NO MAXVALUE
    CACHE 1
);


--
-- Data for Name: Tutorias_asesoria; Type: TABLE DATA; Schema: public; Owner: postgres
--

COPY public."Tutorias_asesoria" (id, tema, fecha, descripcion, alumno_id, tutor_id) FROM stdin;
\.


--
-- Data for Name: Tutorias_historialcambiotutoria; Type: TABLE DATA; Schema: public; Owner: postgres
--

COPY public."Tutorias_historialcambiotutoria" (id, correo_editor, cambios_realizados, fecha_cambio, tutoria_id) FROM stdin;
\.


--
-- Data for Name: Tutorias_tutoria; Type: TABLE DATA; Schema: public; Owner: postgres
--

COPY public."Tutorias_tutoria" (id, tema, fecha, descripcion, estado, asistencia, duracion, firma_documentos_beca, beca_otorgada, asesoria_especializada, observaciones, impacto_tutoria, resultados_tutoria, alumno_id, tutor_id, estado_alumno_historico) FROM stdin;
29	{OTRO}	2025-10-20 00:27:51.34592+00	[PRUEBA_REPORTE_2026_MIKA] Tutoria retroactiva de prueba	ACE	t	0	f		f	[PRUEBA_REPORTE_2026_MIKA] Observaciones de prueba	3	[PRUEBA_REPORTE_2026_MIKA] Resultado de prueba	146	12	\N
1	{BEC,ING,EV}	2026-03-23 17:54:00+00	Quiero hablar con usted sobre becas, cursosde inglés, y una estancia de verano en una empresa de desarrollo de software y manejo de proyectos en empresas.	ACE	f	0	f	\N	f	\N	0	\N	22	9	\N
2	{TIT,EGRE,PER}	2026-03-23 20:30:00+00	Me gustaría hablar con usted de mi próximo egreso, y titulación, como parte de los temas personales, consultar sobre una posición de trabajo.	PEN	f	0	f	\N	f	\N	0	\N	24	13	\N
3	{PT}	2026-03-25 01:30:00+00	Me gustaría saber algo del Proyecto Terminal	ACE	f	0	f	\N	f	\N	0	\N	23	9	\N
4	{TIT,EGRE,PER}	2025-10-03 09:08:25.851155+00	[PRUEBA_REPORTE_2026] Tutoria retroactiva de prueba	ACE	t	0	f		f	[PRUEBA_REPORTE_2026] Observaciones de prueba	3	[PRUEBA_REPORTE_2026] Resultado de prueba	24	13	\N
5	{TIT,EGRE,PER}	2025-10-05 09:08:25.851155+00	[PRUEBA_REPORTE_2026] Tutoria retroactiva de prueba	ACE	t	0	f		f	[PRUEBA_REPORTE_2026] Observaciones de prueba	3	[PRUEBA_REPORTE_2026] Resultado de prueba	30	13	\N
6	{TIT,EGRE,PER}	2025-10-07 09:08:25.851155+00	[PRUEBA_REPORTE_2026] Tutoria retroactiva de prueba	ACE	t	0	f		f	[PRUEBA_REPORTE_2026] Observaciones de prueba	3	[PRUEBA_REPORTE_2026] Resultado de prueba	88	13	\N
7	{TIT,EGRE,PER}	2025-10-09 09:08:25.851155+00	[PRUEBA_REPORTE_2026] Tutoria retroactiva de prueba	ACE	t	0	f		f	[PRUEBA_REPORTE_2026] Observaciones de prueba	3	[PRUEBA_REPORTE_2026] Resultado de prueba	99	13	\N
8	{TIT,EGRE,PER}	2025-10-11 09:08:25.851155+00	[PRUEBA_REPORTE_2026] Tutoria retroactiva de prueba	ACE	t	0	f		f	[PRUEBA_REPORTE_2026] Observaciones de prueba	3	[PRUEBA_REPORTE_2026] Resultado de prueba	35	13	\N
9	{PT}	2026-01-11 09:08:25.851155+00	[PRUEBA_REPORTE_2026] Tutoria retroactiva de prueba	ACE	t	0	f		f	[PRUEBA_REPORTE_2026] Observaciones de prueba	3	[PRUEBA_REPORTE_2026] Resultado de prueba	23	9	\N
10	{PT}	2026-01-13 09:08:25.851155+00	[PRUEBA_REPORTE_2026] Tutoria retroactiva de prueba	ACE	t	0	f		f	[PRUEBA_REPORTE_2026] Observaciones de prueba	3	[PRUEBA_REPORTE_2026] Resultado de prueba	121	9	\N
11	{PT}	2026-01-15 09:08:25.851155+00	[PRUEBA_REPORTE_2026] Tutoria retroactiva de prueba	ACE	t	0	f		f	[PRUEBA_REPORTE_2026] Observaciones de prueba	3	[PRUEBA_REPORTE_2026] Resultado de prueba	112	9	\N
12	{PT}	2026-01-17 09:08:25.851155+00	[PRUEBA_REPORTE_2026] Tutoria retroactiva de prueba	ACE	t	0	f		f	[PRUEBA_REPORTE_2026] Observaciones de prueba	3	[PRUEBA_REPORTE_2026] Resultado de prueba	107	9	\N
13	{PT}	2026-01-19 09:08:25.851155+00	[PRUEBA_REPORTE_2026] Tutoria retroactiva de prueba	ACE	t	0	f		f	[PRUEBA_REPORTE_2026] Observaciones de prueba	3	[PRUEBA_REPORTE_2026] Resultado de prueba	106	9	\N
14	{PT}	2026-01-21 09:08:25.851155+00	[PRUEBA_REPORTE_2026] Tutoria retroactiva de prueba	ACE	t	0	f		f	[PRUEBA_REPORTE_2026] Observaciones de prueba	3	[PRUEBA_REPORTE_2026] Resultado de prueba	105	9	\N
15	{PT}	2026-01-23 09:08:25.851155+00	[PRUEBA_REPORTE_2026] Tutoria retroactiva de prueba	ACE	t	0	f		f	[PRUEBA_REPORTE_2026] Observaciones de prueba	3	[PRUEBA_REPORTE_2026] Resultado de prueba	22	9	\N
16	{PT}	2026-01-25 09:08:25.851155+00	[PRUEBA_REPORTE_2026] Tutoria retroactiva de prueba	ACE	t	0	f		f	[PRUEBA_REPORTE_2026] Observaciones de prueba	3	[PRUEBA_REPORTE_2026] Resultado de prueba	103	9	\N
17	{PT}	2026-01-27 09:08:25.851155+00	[PRUEBA_REPORTE_2026] Tutoria retroactiva de prueba	ACE	t	0	f		f	[PRUEBA_REPORTE_2026] Observaciones de prueba	3	[PRUEBA_REPORTE_2026] Resultado de prueba	108	9	\N
18	{PT}	2026-01-29 09:08:25.851155+00	[PRUEBA_REPORTE_2026] Tutoria retroactiva de prueba	ACE	t	0	f		f	[PRUEBA_REPORTE_2026] Observaciones de prueba	3	[PRUEBA_REPORTE_2026] Resultado de prueba	111	9	\N
19	{PT}	2026-01-31 09:08:25.851155+00	[PRUEBA_REPORTE_2026] Tutoria retroactiva de prueba	ACE	t	0	f		f	[PRUEBA_REPORTE_2026] Observaciones de prueba	3	[PRUEBA_REPORTE_2026] Resultado de prueba	104	9	\N
20	{PT}	2026-02-02 09:08:25.851155+00	[PRUEBA_REPORTE_2026] Tutoria retroactiva de prueba	ACE	t	0	f		f	[PRUEBA_REPORTE_2026] Observaciones de prueba	3	[PRUEBA_REPORTE_2026] Resultado de prueba	125	9	\N
21	{PT}	2026-02-04 09:08:25.851155+00	[PRUEBA_REPORTE_2026] Tutoria retroactiva de prueba	ACE	t	0	f		f	[PRUEBA_REPORTE_2026] Observaciones de prueba	3	[PRUEBA_REPORTE_2026] Resultado de prueba	126	9	\N
22	{PT}	2026-02-06 09:08:25.851155+00	[PRUEBA_REPORTE_2026] Tutoria retroactiva de prueba	ACE	t	0	f		f	[PRUEBA_REPORTE_2026] Observaciones de prueba	3	[PRUEBA_REPORTE_2026] Resultado de prueba	102	9	\N
23	{PT}	2026-02-08 09:08:25.851155+00	[PRUEBA_REPORTE_2026] Tutoria retroactiva de prueba	ACE	t	0	f		f	[PRUEBA_REPORTE_2026] Observaciones de prueba	3	[PRUEBA_REPORTE_2026] Resultado de prueba	116	9	\N
24	{PT}	2026-02-10 09:08:25.851155+00	[PRUEBA_REPORTE_2026] Tutoria retroactiva de prueba	ACE	t	0	f		f	[PRUEBA_REPORTE_2026] Observaciones de prueba	3	[PRUEBA_REPORTE_2026] Resultado de prueba	109	9	\N
25	{PT}	2026-02-12 09:08:25.851155+00	[PRUEBA_REPORTE_2026] Tutoria retroactiva de prueba	ACE	t	0	f		f	[PRUEBA_REPORTE_2026] Observaciones de prueba	3	[PRUEBA_REPORTE_2026] Resultado de prueba	113	9	\N
26	{PT}	2026-02-14 09:08:25.851155+00	[PRUEBA_REPORTE_2026] Tutoria retroactiva de prueba	ACE	t	0	f		f	[PRUEBA_REPORTE_2026] Observaciones de prueba	3	[PRUEBA_REPORTE_2026] Resultado de prueba	117	9	\N
27	{PT}	2026-02-16 09:08:25.851155+00	[PRUEBA_REPORTE_2026] Tutoria retroactiva de prueba	ACE	t	0	f		f	[PRUEBA_REPORTE_2026] Observaciones de prueba	3	[PRUEBA_REPORTE_2026] Resultado de prueba	118	9	\N
28	{PT}	2026-02-18 09:08:25.851155+00	[PRUEBA_REPORTE_2026] Tutoria retroactiva de prueba	ACE	t	0	f		f	[PRUEBA_REPORTE_2026] Observaciones de prueba	3	[PRUEBA_REPORTE_2026] Resultado de prueba	115	9	\N
30	{OTRO}	2025-10-22 00:27:51.34592+00	[PRUEBA_REPORTE_2026_MIKA] Tutoria retroactiva de prueba	ACE	t	0	f		f	[PRUEBA_REPORTE_2026_MIKA] Observaciones de prueba	3	[PRUEBA_REPORTE_2026_MIKA] Resultado de prueba	20	12	\N
31	{OTRO}	2025-10-24 00:27:51.34592+00	[PRUEBA_REPORTE_2026_MIKA] Tutoria retroactiva de prueba	ACE	t	0	f		f	[PRUEBA_REPORTE_2026_MIKA] Observaciones de prueba	3	[PRUEBA_REPORTE_2026_MIKA] Resultado de prueba	127	12	\N
32	{OTRO}	2025-10-26 00:27:51.34592+00	[PRUEBA_REPORTE_2026_MIKA] Tutoria retroactiva de prueba	ACE	t	0	f		f	[PRUEBA_REPORTE_2026_MIKA] Observaciones de prueba	3	[PRUEBA_REPORTE_2026_MIKA] Resultado de prueba	128	12	\N
33	{OTRO}	2025-10-28 00:27:51.34592+00	[PRUEBA_REPORTE_2026_MIKA] Tutoria retroactiva de prueba	ACE	t	0	f		f	[PRUEBA_REPORTE_2026_MIKA] Observaciones de prueba	3	[PRUEBA_REPORTE_2026_MIKA] Resultado de prueba	129	12	\N
34	{OTRO}	2025-10-30 00:27:51.34592+00	[PRUEBA_REPORTE_2026_MIKA] Tutoria retroactiva de prueba	ACE	t	0	f		f	[PRUEBA_REPORTE_2026_MIKA] Observaciones de prueba	3	[PRUEBA_REPORTE_2026_MIKA] Resultado de prueba	147	12	\N
35	{OTRO}	2025-11-01 00:27:51.34592+00	[PRUEBA_REPORTE_2026_MIKA] Tutoria retroactiva de prueba	ACE	t	0	f		f	[PRUEBA_REPORTE_2026_MIKA] Observaciones de prueba	3	[PRUEBA_REPORTE_2026_MIKA] Resultado de prueba	130	12	\N
36	{OTRO}	2025-11-03 00:27:51.34592+00	[PRUEBA_REPORTE_2026_MIKA] Tutoria retroactiva de prueba	ACE	t	0	f		f	[PRUEBA_REPORTE_2026_MIKA] Observaciones de prueba	3	[PRUEBA_REPORTE_2026_MIKA] Resultado de prueba	21	12	\N
37	{OTRO}	2025-11-05 00:27:51.34592+00	[PRUEBA_REPORTE_2026_MIKA] Tutoria retroactiva de prueba	ACE	t	0	f		f	[PRUEBA_REPORTE_2026_MIKA] Observaciones de prueba	3	[PRUEBA_REPORTE_2026_MIKA] Resultado de prueba	131	12	\N
38	{OTRO}	2025-11-07 00:27:51.34592+00	[PRUEBA_REPORTE_2026_MIKA] Tutoria retroactiva de prueba	ACE	t	0	f		f	[PRUEBA_REPORTE_2026_MIKA] Observaciones de prueba	3	[PRUEBA_REPORTE_2026_MIKA] Resultado de prueba	148	12	\N
39	{OTRO}	2025-11-09 00:27:51.34592+00	[PRUEBA_REPORTE_2026_MIKA] Tutoria retroactiva de prueba	ACE	t	0	f		f	[PRUEBA_REPORTE_2026_MIKA] Observaciones de prueba	3	[PRUEBA_REPORTE_2026_MIKA] Resultado de prueba	132	12	\N
40	{OTRO}	2025-11-11 00:27:51.34592+00	[PRUEBA_REPORTE_2026_MIKA] Tutoria retroactiva de prueba	ACE	t	0	f		f	[PRUEBA_REPORTE_2026_MIKA] Observaciones de prueba	3	[PRUEBA_REPORTE_2026_MIKA] Resultado de prueba	133	12	\N
41	{OTRO}	2025-11-13 00:27:51.34592+00	[PRUEBA_REPORTE_2026_MIKA] Tutoria retroactiva de prueba	ACE	t	0	f		f	[PRUEBA_REPORTE_2026_MIKA] Observaciones de prueba	3	[PRUEBA_REPORTE_2026_MIKA] Resultado de prueba	149	12	\N
42	{OTRO}	2025-11-15 00:27:51.34592+00	[PRUEBA_REPORTE_2026_MIKA] Tutoria retroactiva de prueba	ACE	t	0	f		f	[PRUEBA_REPORTE_2026_MIKA] Observaciones de prueba	3	[PRUEBA_REPORTE_2026_MIKA] Resultado de prueba	134	12	\N
43	{OTRO}	2025-11-17 00:27:51.34592+00	[PRUEBA_REPORTE_2026_MIKA] Tutoria retroactiva de prueba	ACE	t	0	f		f	[PRUEBA_REPORTE_2026_MIKA] Observaciones de prueba	3	[PRUEBA_REPORTE_2026_MIKA] Resultado de prueba	135	12	\N
44	{OTRO}	2025-11-19 00:27:51.34592+00	[PRUEBA_REPORTE_2026_MIKA] Tutoria retroactiva de prueba	ACE	t	0	f		f	[PRUEBA_REPORTE_2026_MIKA] Observaciones de prueba	3	[PRUEBA_REPORTE_2026_MIKA] Resultado de prueba	150	12	\N
45	{OTRO}	2025-11-21 00:27:51.34592+00	[PRUEBA_REPORTE_2026_MIKA] Tutoria retroactiva de prueba	ACE	t	0	f		f	[PRUEBA_REPORTE_2026_MIKA] Observaciones de prueba	3	[PRUEBA_REPORTE_2026_MIKA] Resultado de prueba	151	12	\N
46	{OTRO}	2025-11-23 00:27:51.34592+00	[PRUEBA_REPORTE_2026_MIKA] Tutoria retroactiva de prueba	ACE	t	0	f		f	[PRUEBA_REPORTE_2026_MIKA] Observaciones de prueba	3	[PRUEBA_REPORTE_2026_MIKA] Resultado de prueba	136	12	\N
47	{OTRO}	2025-11-25 00:27:51.34592+00	[PRUEBA_REPORTE_2026_MIKA] Tutoria retroactiva de prueba	ACE	t	0	f		f	[PRUEBA_REPORTE_2026_MIKA] Observaciones de prueba	3	[PRUEBA_REPORTE_2026_MIKA] Resultado de prueba	138	12	\N
48	{OTRO}	2025-11-27 00:27:51.34592+00	[PRUEBA_REPORTE_2026_MIKA] Tutoria retroactiva de prueba	ACE	t	0	f		f	[PRUEBA_REPORTE_2026_MIKA] Observaciones de prueba	3	[PRUEBA_REPORTE_2026_MIKA] Resultado de prueba	152	12	\N
49	{OTRO}	2025-11-29 00:27:51.34592+00	[PRUEBA_REPORTE_2026_MIKA] Tutoria retroactiva de prueba	ACE	t	0	f		f	[PRUEBA_REPORTE_2026_MIKA] Observaciones de prueba	3	[PRUEBA_REPORTE_2026_MIKA] Resultado de prueba	139	12	\N
50	{OTRO}	2025-12-01 00:27:51.34592+00	[PRUEBA_REPORTE_2026_MIKA] Tutoria retroactiva de prueba	ACE	t	0	f		f	[PRUEBA_REPORTE_2026_MIKA] Observaciones de prueba	3	[PRUEBA_REPORTE_2026_MIKA] Resultado de prueba	140	12	\N
51	{OTRO}	2025-12-03 00:27:51.34592+00	[PRUEBA_REPORTE_2026_MIKA] Tutoria retroactiva de prueba	ACE	t	0	f		f	[PRUEBA_REPORTE_2026_MIKA] Observaciones de prueba	3	[PRUEBA_REPORTE_2026_MIKA] Resultado de prueba	141	12	\N
52	{OTRO}	2025-12-05 00:27:51.34592+00	[PRUEBA_REPORTE_2026_MIKA] Tutoria retroactiva de prueba	ACE	t	0	f		f	[PRUEBA_REPORTE_2026_MIKA] Observaciones de prueba	3	[PRUEBA_REPORTE_2026_MIKA] Resultado de prueba	153	12	\N
53	{OTRO}	2025-12-07 00:27:51.34592+00	[PRUEBA_REPORTE_2026_MIKA] Tutoria retroactiva de prueba	ACE	t	0	f		f	[PRUEBA_REPORTE_2026_MIKA] Observaciones de prueba	3	[PRUEBA_REPORTE_2026_MIKA] Resultado de prueba	154	12	\N
54	{OTRO}	2025-12-09 00:27:51.34592+00	[PRUEBA_REPORTE_2026_MIKA] Tutoria retroactiva de prueba	ACE	t	0	f		f	[PRUEBA_REPORTE_2026_MIKA] Observaciones de prueba	3	[PRUEBA_REPORTE_2026_MIKA] Resultado de prueba	142	12	\N
55	{OTRO}	2025-12-11 00:27:51.34592+00	[PRUEBA_REPORTE_2026_MIKA] Tutoria retroactiva de prueba	ACE	t	0	f		f	[PRUEBA_REPORTE_2026_MIKA] Observaciones de prueba	3	[PRUEBA_REPORTE_2026_MIKA] Resultado de prueba	155	12	\N
56	{OTRO}	2025-12-13 00:27:51.34592+00	[PRUEBA_REPORTE_2026_MIKA] Tutoria retroactiva de prueba	ACE	t	0	f		f	[PRUEBA_REPORTE_2026_MIKA] Observaciones de prueba	3	[PRUEBA_REPORTE_2026_MIKA] Resultado de prueba	143	12	\N
57	{OTRO}	2025-12-15 00:27:51.34592+00	[PRUEBA_REPORTE_2026_MIKA] Tutoria retroactiva de prueba	ACE	t	0	f		f	[PRUEBA_REPORTE_2026_MIKA] Observaciones de prueba	3	[PRUEBA_REPORTE_2026_MIKA] Resultado de prueba	156	12	\N
58	{OTRO}	2025-12-17 00:27:51.34592+00	[PRUEBA_REPORTE_2026_MIKA] Tutoria retroactiva de prueba	ACE	t	0	f		f	[PRUEBA_REPORTE_2026_MIKA] Observaciones de prueba	3	[PRUEBA_REPORTE_2026_MIKA] Resultado de prueba	144	12	\N
291	{OTRO}	2025-05-29 23:30:00+00	[PRUEBA_T28]_DB_A Tutoría sintética #1	ACE	t	30	f		f	[PRUEBA_T28]_DB_A Observaciones sintéticas	3	[PRUEBA_T28]_DB_A Resultado sintético	333	328	1
292	{OTRO}	2026-07-02 16:00:00+00	[PRUEBA_T28]_DB_A Tutoría sintética #2	ACE	t	30	f		f	[PRUEBA_T28]_DB_A Observaciones sintéticas	3	[PRUEBA_T28]_DB_A Resultado sintético	333	328	1
293	{OTRO}	2025-05-26 15:15:00+00	[PRUEBA_T28]_DB_A Tutoría sintética #3	ACE	t	30	f		f	[PRUEBA_T28]_DB_A Observaciones sintéticas	3	[PRUEBA_T28]_DB_A Resultado sintético	334	328	1
294	{OTRO}	2026-07-02 17:45:00+00	[PRUEBA_T28]_DB_A Tutoría sintética #4	ACE	t	30	f		f	[PRUEBA_T28]_DB_A Observaciones sintéticas	3	[PRUEBA_T28]_DB_A Resultado sintético	334	328	1
295	{OTRO}	2025-05-26 16:15:00+00	[PRUEBA_T28]_DB_A Tutoría sintética #5	ACE	t	30	f		f	[PRUEBA_T28]_DB_A Observaciones sintéticas	3	[PRUEBA_T28]_DB_A Resultado sintético	335	328	1
296	{OTRO}	2026-07-01 18:15:00+00	[PRUEBA_T28]_DB_A Tutoría sintética #6	ACE	t	30	f		f	[PRUEBA_T28]_DB_A Observaciones sintéticas	3	[PRUEBA_T28]_DB_A Resultado sintético	335	328	1
297	{OTRO}	2025-05-26 21:45:00+00	[PRUEBA_T28]_DB_A Tutoría sintética #7	ACE	t	30	f		f	[PRUEBA_T28]_DB_A Observaciones sintéticas	3	[PRUEBA_T28]_DB_A Resultado sintético	336	328	1
298	{OTRO}	2026-07-03 16:00:00+00	[PRUEBA_T28]_DB_A Tutoría sintética #8	ACE	t	30	f		f	[PRUEBA_T28]_DB_A Observaciones sintéticas	3	[PRUEBA_T28]_DB_A Resultado sintético	336	328	1
299	{OTRO}	2025-05-27 17:15:00+00	[PRUEBA_T28]_DB_A Tutoría sintética #9	ACE	t	30	f		f	[PRUEBA_T28]_DB_A Observaciones sintéticas	3	[PRUEBA_T28]_DB_A Resultado sintético	337	328	1
300	{OTRO}	2026-07-03 21:00:00+00	[PRUEBA_T28]_DB_A Tutoría sintética #10	ACE	t	30	f		f	[PRUEBA_T28]_DB_A Observaciones sintéticas	3	[PRUEBA_T28]_DB_A Resultado sintético	337	328	1
301	{OTRO}	2025-05-29 18:45:00+00	[PRUEBA_T28]_DB_A Tutoría sintética #11	ACE	t	30	f		f	[PRUEBA_T28]_DB_A Observaciones sintéticas	3	[PRUEBA_T28]_DB_A Resultado sintético	338	329	1
302	{OTRO}	2026-07-01 22:15:00+00	[PRUEBA_T28]_DB_A Tutoría sintética #12	ACE	t	30	f		f	[PRUEBA_T28]_DB_A Observaciones sintéticas	3	[PRUEBA_T28]_DB_A Resultado sintético	338	329	1
303	{OTRO}	2025-05-26 22:00:00+00	[PRUEBA_T28]_DB_A Tutoría sintética #13	ACE	t	30	f		f	[PRUEBA_T28]_DB_A Observaciones sintéticas	3	[PRUEBA_T28]_DB_A Resultado sintético	339	329	1
304	{OTRO}	2026-07-03 17:00:00+00	[PRUEBA_T28]_DB_A Tutoría sintética #14	ACE	t	30	f		f	[PRUEBA_T28]_DB_A Observaciones sintéticas	3	[PRUEBA_T28]_DB_A Resultado sintético	339	329	1
305	{OTRO}	2025-05-26 19:45:00+00	[PRUEBA_T28]_DB_A Tutoría sintética #15	ACE	t	30	f		f	[PRUEBA_T28]_DB_A Observaciones sintéticas	3	[PRUEBA_T28]_DB_A Resultado sintético	340	329	1
306	{OTRO}	2026-07-02 21:15:00+00	[PRUEBA_T28]_DB_A Tutoría sintética #16	ACE	t	30	f		f	[PRUEBA_T28]_DB_A Observaciones sintéticas	3	[PRUEBA_T28]_DB_A Resultado sintético	340	329	1
307	{OTRO}	2025-05-28 18:15:00+00	[PRUEBA_T28]_DB_A Tutoría sintética #17	ACE	t	30	f		f	[PRUEBA_T28]_DB_A Observaciones sintéticas	3	[PRUEBA_T28]_DB_A Resultado sintético	341	329	1
308	{OTRO}	2026-07-03 15:00:00+00	[PRUEBA_T28]_DB_A Tutoría sintética #18	ACE	t	30	f		f	[PRUEBA_T28]_DB_A Observaciones sintéticas	3	[PRUEBA_T28]_DB_A Resultado sintético	341	329	1
309	{OTRO}	2025-05-28 17:00:00+00	[PRUEBA_T28]_DB_A Tutoría sintética #19	ACE	t	30	f		f	[PRUEBA_T28]_DB_A Observaciones sintéticas	3	[PRUEBA_T28]_DB_A Resultado sintético	342	329	1
310	{OTRO}	2026-07-02 15:30:00+00	[PRUEBA_T28]_DB_A Tutoría sintética #20	ACE	t	30	f		f	[PRUEBA_T28]_DB_A Observaciones sintéticas	3	[PRUEBA_T28]_DB_A Resultado sintético	342	329	1
311	{OTRO}	2025-05-29 19:00:00+00	[PRUEBA_T28]_DB_A Tutoría sintética #21	ACE	t	30	f		f	[PRUEBA_T28]_DB_A Observaciones sintéticas	3	[PRUEBA_T28]_DB_A Resultado sintético	343	330	1
312	{OTRO}	2026-07-03 18:30:00+00	[PRUEBA_T28]_DB_A Tutoría sintética #22	ACE	t	30	f		f	[PRUEBA_T28]_DB_A Observaciones sintéticas	3	[PRUEBA_T28]_DB_A Resultado sintético	343	330	1
313	{OTRO}	2025-05-29 22:00:00+00	[PRUEBA_T28]_DB_A Tutoría sintética #23	ACE	t	30	f		f	[PRUEBA_T28]_DB_A Observaciones sintéticas	3	[PRUEBA_T28]_DB_A Resultado sintético	344	330	1
314	{OTRO}	2026-07-03 18:00:00+00	[PRUEBA_T28]_DB_A Tutoría sintética #24	ACE	t	30	f		f	[PRUEBA_T28]_DB_A Observaciones sintéticas	3	[PRUEBA_T28]_DB_A Resultado sintético	344	330	1
315	{OTRO}	2025-05-28 16:45:00+00	[PRUEBA_T28]_DB_A Tutoría sintética #25	ACE	t	30	f		f	[PRUEBA_T28]_DB_A Observaciones sintéticas	3	[PRUEBA_T28]_DB_A Resultado sintético	345	330	1
316	{OTRO}	2026-06-30 23:00:00+00	[PRUEBA_T28]_DB_A Tutoría sintética #26	ACE	t	30	f		f	[PRUEBA_T28]_DB_A Observaciones sintéticas	3	[PRUEBA_T28]_DB_A Resultado sintético	345	330	1
317	{OTRO}	2025-05-29 15:00:00+00	[PRUEBA_T28]_DB_A Tutoría sintética #27	ACE	t	30	f		f	[PRUEBA_T28]_DB_A Observaciones sintéticas	3	[PRUEBA_T28]_DB_A Resultado sintético	346	330	1
318	{OTRO}	2026-06-30 17:15:00+00	[PRUEBA_T28]_DB_A Tutoría sintética #28	ACE	t	30	f		f	[PRUEBA_T28]_DB_A Observaciones sintéticas	3	[PRUEBA_T28]_DB_A Resultado sintético	346	330	1
319	{OTRO}	2025-05-26 16:00:00+00	[PRUEBA_T28]_DB_A Tutoría sintética #29	ACE	t	30	f		f	[PRUEBA_T28]_DB_A Observaciones sintéticas	3	[PRUEBA_T28]_DB_A Resultado sintético	347	330	1
320	{OTRO}	2026-07-03 18:15:00+00	[PRUEBA_T28]_DB_A Tutoría sintética #30	ACE	t	30	f		f	[PRUEBA_T28]_DB_A Observaciones sintéticas	3	[PRUEBA_T28]_DB_A Resultado sintético	347	330	1
321	{OTRO}	2025-05-26 16:30:00+00	[PRUEBA_T28]_DB_A Tutoría sintética #31	ACE	t	30	f		f	[PRUEBA_T28]_DB_A Observaciones sintéticas	3	[PRUEBA_T28]_DB_A Resultado sintético	348	331	1
322	{OTRO}	2026-06-30 19:00:00+00	[PRUEBA_T28]_DB_A Tutoría sintética #32	ACE	t	30	f		f	[PRUEBA_T28]_DB_A Observaciones sintéticas	3	[PRUEBA_T28]_DB_A Resultado sintético	348	331	1
323	{OTRO}	2025-05-28 17:45:00+00	[PRUEBA_T28]_DB_A Tutoría sintética #33	ACE	t	30	f		f	[PRUEBA_T28]_DB_A Observaciones sintéticas	3	[PRUEBA_T28]_DB_A Resultado sintético	349	331	1
324	{OTRO}	2026-07-03 17:30:00+00	[PRUEBA_T28]_DB_A Tutoría sintética #34	ACE	t	30	f		f	[PRUEBA_T28]_DB_A Observaciones sintéticas	3	[PRUEBA_T28]_DB_A Resultado sintético	349	331	1
325	{OTRO}	2025-05-26 16:15:00+00	[PRUEBA_T28]_DB_A Tutoría sintética #35	ACE	t	30	f		f	[PRUEBA_T28]_DB_A Observaciones sintéticas	3	[PRUEBA_T28]_DB_A Resultado sintético	350	331	1
326	{OTRO}	2026-07-03 18:30:00+00	[PRUEBA_T28]_DB_A Tutoría sintética #36	ACE	t	30	f		f	[PRUEBA_T28]_DB_A Observaciones sintéticas	3	[PRUEBA_T28]_DB_A Resultado sintético	350	331	1
327	{OTRO}	2025-05-29 18:30:00+00	[PRUEBA_T28]_DB_A Tutoría sintética #37	ACE	t	30	f		f	[PRUEBA_T28]_DB_A Observaciones sintéticas	3	[PRUEBA_T28]_DB_A Resultado sintético	351	331	1
328	{OTRO}	2026-07-02 16:45:00+00	[PRUEBA_T28]_DB_A Tutoría sintética #38	ACE	t	30	f		f	[PRUEBA_T28]_DB_A Observaciones sintéticas	3	[PRUEBA_T28]_DB_A Resultado sintético	351	331	1
329	{OTRO}	2025-05-27 22:45:00+00	[PRUEBA_T28]_DB_A Tutoría sintética #39	ACE	t	30	f		f	[PRUEBA_T28]_DB_A Observaciones sintéticas	3	[PRUEBA_T28]_DB_A Resultado sintético	352	331	1
330	{OTRO}	2026-07-02 22:00:00+00	[PRUEBA_T28]_DB_A Tutoría sintética #40	ACE	t	30	f		f	[PRUEBA_T28]_DB_A Observaciones sintéticas	3	[PRUEBA_T28]_DB_A Resultado sintético	352	331	1
331	{OTRO}	2025-05-28 15:15:00+00	[PRUEBA_T28]_DB_A Tutoría sintética #41	ACE	t	30	f		f	[PRUEBA_T28]_DB_A Observaciones sintéticas	3	[PRUEBA_T28]_DB_A Resultado sintético	353	332	1
332	{OTRO}	2026-07-03 23:15:00+00	[PRUEBA_T28]_DB_A Tutoría sintética #42	ACE	t	30	f		f	[PRUEBA_T28]_DB_A Observaciones sintéticas	3	[PRUEBA_T28]_DB_A Resultado sintético	353	332	1
333	{OTRO}	2025-05-28 18:15:00+00	[PRUEBA_T28]_DB_A Tutoría sintética #43	ACE	t	30	f		f	[PRUEBA_T28]_DB_A Observaciones sintéticas	3	[PRUEBA_T28]_DB_A Resultado sintético	354	332	1
334	{OTRO}	2026-07-02 15:00:00+00	[PRUEBA_T28]_DB_A Tutoría sintética #44	ACE	t	30	f		f	[PRUEBA_T28]_DB_A Observaciones sintéticas	3	[PRUEBA_T28]_DB_A Resultado sintético	354	332	1
335	{OTRO}	2025-05-27 22:00:00+00	[PRUEBA_T28]_DB_A Tutoría sintética #45	ACE	t	30	f		f	[PRUEBA_T28]_DB_A Observaciones sintéticas	3	[PRUEBA_T28]_DB_A Resultado sintético	355	332	1
336	{OTRO}	2026-07-03 15:45:00+00	[PRUEBA_T28]_DB_A Tutoría sintética #46	ACE	t	30	f		f	[PRUEBA_T28]_DB_A Observaciones sintéticas	3	[PRUEBA_T28]_DB_A Resultado sintético	355	332	1
337	{OTRO}	2025-05-28 21:45:00+00	[PRUEBA_T28]_DB_A Tutoría sintética #47	ACE	t	30	f		f	[PRUEBA_T28]_DB_A Observaciones sintéticas	3	[PRUEBA_T28]_DB_A Resultado sintético	356	332	1
338	{OTRO}	2026-06-30 19:15:00+00	[PRUEBA_T28]_DB_A Tutoría sintética #48	ACE	t	30	f		f	[PRUEBA_T28]_DB_A Observaciones sintéticas	3	[PRUEBA_T28]_DB_A Resultado sintético	356	332	1
339	{OTRO}	2025-05-27 23:15:00+00	[PRUEBA_T28]_DB_A Tutoría sintética #49	ACE	t	30	f		f	[PRUEBA_T28]_DB_A Observaciones sintéticas	3	[PRUEBA_T28]_DB_A Resultado sintético	357	332	1
340	{OTRO}	2026-07-01 22:30:00+00	[PRUEBA_T28]_DB_A Tutoría sintética #50	ACE	t	30	f		f	[PRUEBA_T28]_DB_A Observaciones sintéticas	3	[PRUEBA_T28]_DB_A Resultado sintético	357	332	1
341	{OTRO}	2025-05-26 16:30:00+00	[PRUEBA_T28]_DB_A Tutoría sintética #51	ACE	t	30	f		f	[PRUEBA_T28]_DB_A Observaciones sintéticas	3	[PRUEBA_T28]_DB_A Resultado sintético	363	358	1
342	{OTRO}	2026-07-01 19:00:00+00	[PRUEBA_T28]_DB_A Tutoría sintética #52	ACE	t	30	f		f	[PRUEBA_T28]_DB_A Observaciones sintéticas	3	[PRUEBA_T28]_DB_A Resultado sintético	363	358	1
343	{OTRO}	2025-05-28 23:45:00+00	[PRUEBA_T28]_DB_A Tutoría sintética #53	ACE	t	30	f		f	[PRUEBA_T28]_DB_A Observaciones sintéticas	3	[PRUEBA_T28]_DB_A Resultado sintético	364	358	1
344	{OTRO}	2026-07-01 23:45:00+00	[PRUEBA_T28]_DB_A Tutoría sintética #54	ACE	t	30	f		f	[PRUEBA_T28]_DB_A Observaciones sintéticas	3	[PRUEBA_T28]_DB_A Resultado sintético	364	358	1
345	{OTRO}	2025-05-29 17:30:00+00	[PRUEBA_T28]_DB_A Tutoría sintética #55	ACE	t	30	f		f	[PRUEBA_T28]_DB_A Observaciones sintéticas	3	[PRUEBA_T28]_DB_A Resultado sintético	365	358	1
346	{OTRO}	2026-07-03 15:30:00+00	[PRUEBA_T28]_DB_A Tutoría sintética #56	ACE	t	30	f		f	[PRUEBA_T28]_DB_A Observaciones sintéticas	3	[PRUEBA_T28]_DB_A Resultado sintético	365	358	1
347	{OTRO}	2025-05-26 21:45:00+00	[PRUEBA_T28]_DB_A Tutoría sintética #57	ACE	t	30	f		f	[PRUEBA_T28]_DB_A Observaciones sintéticas	3	[PRUEBA_T28]_DB_A Resultado sintético	366	358	1
348	{OTRO}	2026-07-02 23:00:00+00	[PRUEBA_T28]_DB_A Tutoría sintética #58	ACE	t	30	f		f	[PRUEBA_T28]_DB_A Observaciones sintéticas	3	[PRUEBA_T28]_DB_A Resultado sintético	366	358	1
349	{OTRO}	2025-05-27 17:00:00+00	[PRUEBA_T28]_DB_A Tutoría sintética #59	ACE	t	30	f		f	[PRUEBA_T28]_DB_A Observaciones sintéticas	3	[PRUEBA_T28]_DB_A Resultado sintético	367	358	1
350	{OTRO}	2026-07-02 19:45:00+00	[PRUEBA_T28]_DB_A Tutoría sintética #60	ACE	t	30	f		f	[PRUEBA_T28]_DB_A Observaciones sintéticas	3	[PRUEBA_T28]_DB_A Resultado sintético	367	358	1
351	{OTRO}	2025-05-27 23:00:00+00	[PRUEBA_T28]_DB_A Tutoría sintética #61	ACE	t	30	f		f	[PRUEBA_T28]_DB_A Observaciones sintéticas	3	[PRUEBA_T28]_DB_A Resultado sintético	368	359	1
352	{OTRO}	2026-06-30 16:45:00+00	[PRUEBA_T28]_DB_A Tutoría sintética #62	ACE	t	30	f		f	[PRUEBA_T28]_DB_A Observaciones sintéticas	3	[PRUEBA_T28]_DB_A Resultado sintético	368	359	1
353	{OTRO}	2025-05-28 22:15:00+00	[PRUEBA_T28]_DB_A Tutoría sintética #63	ACE	t	30	f		f	[PRUEBA_T28]_DB_A Observaciones sintéticas	3	[PRUEBA_T28]_DB_A Resultado sintético	369	359	1
354	{OTRO}	2026-06-30 22:15:00+00	[PRUEBA_T28]_DB_A Tutoría sintética #64	ACE	t	30	f		f	[PRUEBA_T28]_DB_A Observaciones sintéticas	3	[PRUEBA_T28]_DB_A Resultado sintético	369	359	1
355	{OTRO}	2025-05-28 18:00:00+00	[PRUEBA_T28]_DB_A Tutoría sintética #65	ACE	t	30	f		f	[PRUEBA_T28]_DB_A Observaciones sintéticas	3	[PRUEBA_T28]_DB_A Resultado sintético	370	359	1
356	{OTRO}	2026-07-02 15:15:00+00	[PRUEBA_T28]_DB_A Tutoría sintética #66	ACE	t	30	f		f	[PRUEBA_T28]_DB_A Observaciones sintéticas	3	[PRUEBA_T28]_DB_A Resultado sintético	370	359	1
357	{OTRO}	2025-05-29 17:15:00+00	[PRUEBA_T28]_DB_A Tutoría sintética #67	ACE	t	30	f		f	[PRUEBA_T28]_DB_A Observaciones sintéticas	3	[PRUEBA_T28]_DB_A Resultado sintético	371	359	1
358	{OTRO}	2026-07-01 17:30:00+00	[PRUEBA_T28]_DB_A Tutoría sintética #68	ACE	t	30	f		f	[PRUEBA_T28]_DB_A Observaciones sintéticas	3	[PRUEBA_T28]_DB_A Resultado sintético	371	359	1
359	{OTRO}	2025-05-28 23:30:00+00	[PRUEBA_T28]_DB_A Tutoría sintética #69	ACE	t	30	f		f	[PRUEBA_T28]_DB_A Observaciones sintéticas	3	[PRUEBA_T28]_DB_A Resultado sintético	372	359	1
360	{OTRO}	2026-07-03 19:00:00+00	[PRUEBA_T28]_DB_A Tutoría sintética #70	ACE	t	30	f		f	[PRUEBA_T28]_DB_A Observaciones sintéticas	3	[PRUEBA_T28]_DB_A Resultado sintético	372	359	1
361	{OTRO}	2025-05-28 19:00:00+00	[PRUEBA_T28]_DB_A Tutoría sintética #71	ACE	t	30	f		f	[PRUEBA_T28]_DB_A Observaciones sintéticas	3	[PRUEBA_T28]_DB_A Resultado sintético	373	360	1
362	{OTRO}	2026-07-03 23:15:00+00	[PRUEBA_T28]_DB_A Tutoría sintética #72	ACE	t	30	f		f	[PRUEBA_T28]_DB_A Observaciones sintéticas	3	[PRUEBA_T28]_DB_A Resultado sintético	373	360	1
363	{OTRO}	2025-05-27 23:45:00+00	[PRUEBA_T28]_DB_A Tutoría sintética #73	ACE	t	30	f		f	[PRUEBA_T28]_DB_A Observaciones sintéticas	3	[PRUEBA_T28]_DB_A Resultado sintético	374	360	1
364	{OTRO}	2026-07-01 18:45:00+00	[PRUEBA_T28]_DB_A Tutoría sintética #74	ACE	t	30	f		f	[PRUEBA_T28]_DB_A Observaciones sintéticas	3	[PRUEBA_T28]_DB_A Resultado sintético	374	360	1
365	{OTRO}	2025-05-28 19:30:00+00	[PRUEBA_T28]_DB_A Tutoría sintética #75	ACE	t	30	f		f	[PRUEBA_T28]_DB_A Observaciones sintéticas	3	[PRUEBA_T28]_DB_A Resultado sintético	375	360	1
366	{OTRO}	2026-07-02 22:00:00+00	[PRUEBA_T28]_DB_A Tutoría sintética #76	ACE	t	30	f		f	[PRUEBA_T28]_DB_A Observaciones sintéticas	3	[PRUEBA_T28]_DB_A Resultado sintético	375	360	1
367	{OTRO}	2025-05-26 21:30:00+00	[PRUEBA_T28]_DB_A Tutoría sintética #77	ACE	t	30	f		f	[PRUEBA_T28]_DB_A Observaciones sintéticas	3	[PRUEBA_T28]_DB_A Resultado sintético	376	360	1
368	{OTRO}	2026-07-03 18:45:00+00	[PRUEBA_T28]_DB_A Tutoría sintética #78	ACE	t	30	f		f	[PRUEBA_T28]_DB_A Observaciones sintéticas	3	[PRUEBA_T28]_DB_A Resultado sintético	376	360	1
369	{OTRO}	2025-05-28 17:30:00+00	[PRUEBA_T28]_DB_A Tutoría sintética #79	ACE	t	30	f		f	[PRUEBA_T28]_DB_A Observaciones sintéticas	3	[PRUEBA_T28]_DB_A Resultado sintético	377	360	1
370	{OTRO}	2026-07-03 17:15:00+00	[PRUEBA_T28]_DB_A Tutoría sintética #80	ACE	t	30	f		f	[PRUEBA_T28]_DB_A Observaciones sintéticas	3	[PRUEBA_T28]_DB_A Resultado sintético	377	360	1
371	{OTRO}	2025-05-29 18:15:00+00	[PRUEBA_T28]_DB_A Tutoría sintética #81	ACE	t	30	f		f	[PRUEBA_T28]_DB_A Observaciones sintéticas	3	[PRUEBA_T28]_DB_A Resultado sintético	378	361	1
372	{OTRO}	2026-06-30 16:30:00+00	[PRUEBA_T28]_DB_A Tutoría sintética #82	ACE	t	30	f		f	[PRUEBA_T28]_DB_A Observaciones sintéticas	3	[PRUEBA_T28]_DB_A Resultado sintético	378	361	1
373	{OTRO}	2025-05-28 16:15:00+00	[PRUEBA_T28]_DB_A Tutoría sintética #83	ACE	t	30	f		f	[PRUEBA_T28]_DB_A Observaciones sintéticas	3	[PRUEBA_T28]_DB_A Resultado sintético	379	361	1
374	{OTRO}	2026-07-03 18:45:00+00	[PRUEBA_T28]_DB_A Tutoría sintética #84	ACE	t	30	f		f	[PRUEBA_T28]_DB_A Observaciones sintéticas	3	[PRUEBA_T28]_DB_A Resultado sintético	379	361	1
375	{OTRO}	2025-05-26 16:15:00+00	[PRUEBA_T28]_DB_A Tutoría sintética #85	ACE	t	30	f		f	[PRUEBA_T28]_DB_A Observaciones sintéticas	3	[PRUEBA_T28]_DB_A Resultado sintético	380	361	1
376	{OTRO}	2026-07-03 16:15:00+00	[PRUEBA_T28]_DB_A Tutoría sintética #86	ACE	t	30	f		f	[PRUEBA_T28]_DB_A Observaciones sintéticas	3	[PRUEBA_T28]_DB_A Resultado sintético	380	361	1
377	{OTRO}	2025-05-28 18:15:00+00	[PRUEBA_T28]_DB_A Tutoría sintética #87	ACE	t	30	f		f	[PRUEBA_T28]_DB_A Observaciones sintéticas	3	[PRUEBA_T28]_DB_A Resultado sintético	381	361	1
378	{OTRO}	2026-07-02 19:45:00+00	[PRUEBA_T28]_DB_A Tutoría sintética #88	ACE	t	30	f		f	[PRUEBA_T28]_DB_A Observaciones sintéticas	3	[PRUEBA_T28]_DB_A Resultado sintético	381	361	1
379	{OTRO}	2025-05-29 16:15:00+00	[PRUEBA_T28]_DB_A Tutoría sintética #89	ACE	t	30	f		f	[PRUEBA_T28]_DB_A Observaciones sintéticas	3	[PRUEBA_T28]_DB_A Resultado sintético	382	361	1
380	{OTRO}	2026-07-01 17:45:00+00	[PRUEBA_T28]_DB_A Tutoría sintética #90	ACE	t	30	f		f	[PRUEBA_T28]_DB_A Observaciones sintéticas	3	[PRUEBA_T28]_DB_A Resultado sintético	382	361	1
381	{OTRO}	2025-05-27 22:30:00+00	[PRUEBA_T28]_DB_A Tutoría sintética #91	ACE	t	30	f		f	[PRUEBA_T28]_DB_A Observaciones sintéticas	3	[PRUEBA_T28]_DB_A Resultado sintético	383	362	1
382	{OTRO}	2026-06-30 16:45:00+00	[PRUEBA_T28]_DB_A Tutoría sintética #92	ACE	t	30	f		f	[PRUEBA_T28]_DB_A Observaciones sintéticas	3	[PRUEBA_T28]_DB_A Resultado sintético	383	362	1
383	{OTRO}	2025-05-29 18:15:00+00	[PRUEBA_T28]_DB_A Tutoría sintética #93	ACE	t	30	f		f	[PRUEBA_T28]_DB_A Observaciones sintéticas	3	[PRUEBA_T28]_DB_A Resultado sintético	384	362	1
384	{OTRO}	2026-07-03 21:15:00+00	[PRUEBA_T28]_DB_A Tutoría sintética #94	ACE	t	30	f		f	[PRUEBA_T28]_DB_A Observaciones sintéticas	3	[PRUEBA_T28]_DB_A Resultado sintético	384	362	1
385	{OTRO}	2025-05-29 15:00:00+00	[PRUEBA_T28]_DB_A Tutoría sintética #95	ACE	t	30	f		f	[PRUEBA_T28]_DB_A Observaciones sintéticas	3	[PRUEBA_T28]_DB_A Resultado sintético	385	362	1
386	{OTRO}	2026-07-01 23:00:00+00	[PRUEBA_T28]_DB_A Tutoría sintética #96	ACE	t	30	f		f	[PRUEBA_T28]_DB_A Observaciones sintéticas	3	[PRUEBA_T28]_DB_A Resultado sintético	385	362	1
387	{OTRO}	2025-05-29 22:45:00+00	[PRUEBA_T28]_DB_A Tutoría sintética #97	ACE	t	30	f		f	[PRUEBA_T28]_DB_A Observaciones sintéticas	3	[PRUEBA_T28]_DB_A Resultado sintético	386	362	1
388	{OTRO}	2026-07-03 17:15:00+00	[PRUEBA_T28]_DB_A Tutoría sintética #98	ACE	t	30	f		f	[PRUEBA_T28]_DB_A Observaciones sintéticas	3	[PRUEBA_T28]_DB_A Resultado sintético	386	362	1
389	{OTRO}	2025-05-26 21:00:00+00	[PRUEBA_T28]_DB_A Tutoría sintética #99	ACE	t	30	f		f	[PRUEBA_T28]_DB_A Observaciones sintéticas	3	[PRUEBA_T28]_DB_A Resultado sintético	387	362	1
390	{OTRO}	2026-07-02 19:30:00+00	[PRUEBA_T28]_DB_A Tutoría sintética #100	ACE	t	30	f		f	[PRUEBA_T28]_DB_A Observaciones sintéticas	3	[PRUEBA_T28]_DB_A Resultado sintético	387	362	1
391	{OTRO}	2025-05-29 18:00:00+00	[PRUEBA_T28]_DB_A Tutoría sintética #101	ACE	t	30	f		f	[PRUEBA_T28]_DB_A Observaciones sintéticas	3	[PRUEBA_T28]_DB_A Resultado sintético	393	388	1
392	{OTRO}	2026-07-03 22:00:00+00	[PRUEBA_T28]_DB_A Tutoría sintética #102	ACE	t	30	f		f	[PRUEBA_T28]_DB_A Observaciones sintéticas	3	[PRUEBA_T28]_DB_A Resultado sintético	393	388	1
393	{OTRO}	2025-05-26 17:45:00+00	[PRUEBA_T28]_DB_A Tutoría sintética #103	ACE	t	30	f		f	[PRUEBA_T28]_DB_A Observaciones sintéticas	3	[PRUEBA_T28]_DB_A Resultado sintético	394	388	1
394	{OTRO}	2026-06-30 19:00:00+00	[PRUEBA_T28]_DB_A Tutoría sintética #104	ACE	t	30	f		f	[PRUEBA_T28]_DB_A Observaciones sintéticas	3	[PRUEBA_T28]_DB_A Resultado sintético	394	388	1
395	{OTRO}	2025-05-29 15:15:00+00	[PRUEBA_T28]_DB_A Tutoría sintética #105	ACE	t	30	f		f	[PRUEBA_T28]_DB_A Observaciones sintéticas	3	[PRUEBA_T28]_DB_A Resultado sintético	395	388	1
396	{OTRO}	2026-07-03 18:00:00+00	[PRUEBA_T28]_DB_A Tutoría sintética #106	ACE	t	30	f		f	[PRUEBA_T28]_DB_A Observaciones sintéticas	3	[PRUEBA_T28]_DB_A Resultado sintético	395	388	1
397	{OTRO}	2025-05-29 16:00:00+00	[PRUEBA_T28]_DB_A Tutoría sintética #107	ACE	t	30	f		f	[PRUEBA_T28]_DB_A Observaciones sintéticas	3	[PRUEBA_T28]_DB_A Resultado sintético	396	388	1
398	{OTRO}	2026-06-30 18:15:00+00	[PRUEBA_T28]_DB_A Tutoría sintética #108	ACE	t	30	f		f	[PRUEBA_T28]_DB_A Observaciones sintéticas	3	[PRUEBA_T28]_DB_A Resultado sintético	396	388	1
399	{OTRO}	2025-05-28 21:15:00+00	[PRUEBA_T28]_DB_A Tutoría sintética #109	ACE	t	30	f		f	[PRUEBA_T28]_DB_A Observaciones sintéticas	3	[PRUEBA_T28]_DB_A Resultado sintético	397	388	1
400	{OTRO}	2026-07-02 22:30:00+00	[PRUEBA_T28]_DB_A Tutoría sintética #110	ACE	t	30	f		f	[PRUEBA_T28]_DB_A Observaciones sintéticas	3	[PRUEBA_T28]_DB_A Resultado sintético	397	388	1
401	{OTRO}	2025-05-27 22:45:00+00	[PRUEBA_T28]_DB_A Tutoría sintética #111	ACE	t	30	f		f	[PRUEBA_T28]_DB_A Observaciones sintéticas	3	[PRUEBA_T28]_DB_A Resultado sintético	398	389	1
402	{OTRO}	2026-07-03 17:30:00+00	[PRUEBA_T28]_DB_A Tutoría sintética #112	ACE	t	30	f		f	[PRUEBA_T28]_DB_A Observaciones sintéticas	3	[PRUEBA_T28]_DB_A Resultado sintético	398	389	1
403	{OTRO}	2025-05-27 15:45:00+00	[PRUEBA_T28]_DB_A Tutoría sintética #113	ACE	t	30	f		f	[PRUEBA_T28]_DB_A Observaciones sintéticas	3	[PRUEBA_T28]_DB_A Resultado sintético	399	389	1
404	{OTRO}	2026-07-03 16:45:00+00	[PRUEBA_T28]_DB_A Tutoría sintética #114	ACE	t	30	f		f	[PRUEBA_T28]_DB_A Observaciones sintéticas	3	[PRUEBA_T28]_DB_A Resultado sintético	399	389	1
405	{OTRO}	2025-05-29 23:30:00+00	[PRUEBA_T28]_DB_A Tutoría sintética #115	ACE	t	30	f		f	[PRUEBA_T28]_DB_A Observaciones sintéticas	3	[PRUEBA_T28]_DB_A Resultado sintético	400	389	1
406	{OTRO}	2026-07-03 23:30:00+00	[PRUEBA_T28]_DB_A Tutoría sintética #116	ACE	t	30	f		f	[PRUEBA_T28]_DB_A Observaciones sintéticas	3	[PRUEBA_T28]_DB_A Resultado sintético	400	389	1
407	{OTRO}	2025-05-28 15:30:00+00	[PRUEBA_T28]_DB_A Tutoría sintética #117	ACE	t	30	f		f	[PRUEBA_T28]_DB_A Observaciones sintéticas	3	[PRUEBA_T28]_DB_A Resultado sintético	401	389	1
408	{OTRO}	2026-07-01 22:30:00+00	[PRUEBA_T28]_DB_A Tutoría sintética #118	ACE	t	30	f		f	[PRUEBA_T28]_DB_A Observaciones sintéticas	3	[PRUEBA_T28]_DB_A Resultado sintético	401	389	1
409	{OTRO}	2025-05-27 17:00:00+00	[PRUEBA_T28]_DB_A Tutoría sintética #119	ACE	t	30	f		f	[PRUEBA_T28]_DB_A Observaciones sintéticas	3	[PRUEBA_T28]_DB_A Resultado sintético	402	389	1
410	{OTRO}	2026-07-03 15:15:00+00	[PRUEBA_T28]_DB_A Tutoría sintética #120	ACE	t	30	f		f	[PRUEBA_T28]_DB_A Observaciones sintéticas	3	[PRUEBA_T28]_DB_A Resultado sintético	402	389	1
411	{OTRO}	2025-05-29 22:15:00+00	[PRUEBA_T28]_DB_A Tutoría sintética #121	ACE	t	30	f		f	[PRUEBA_T28]_DB_A Observaciones sintéticas	3	[PRUEBA_T28]_DB_A Resultado sintético	403	390	1
412	{OTRO}	2026-07-02 21:45:00+00	[PRUEBA_T28]_DB_A Tutoría sintética #122	ACE	t	30	f		f	[PRUEBA_T28]_DB_A Observaciones sintéticas	3	[PRUEBA_T28]_DB_A Resultado sintético	403	390	1
413	{OTRO}	2025-05-28 19:00:00+00	[PRUEBA_T28]_DB_A Tutoría sintética #123	ACE	t	30	f		f	[PRUEBA_T28]_DB_A Observaciones sintéticas	3	[PRUEBA_T28]_DB_A Resultado sintético	404	390	1
414	{OTRO}	2026-07-03 23:00:00+00	[PRUEBA_T28]_DB_A Tutoría sintética #124	ACE	t	30	f		f	[PRUEBA_T28]_DB_A Observaciones sintéticas	3	[PRUEBA_T28]_DB_A Resultado sintético	404	390	1
415	{OTRO}	2025-05-27 15:00:00+00	[PRUEBA_T28]_DB_A Tutoría sintética #125	ACE	t	30	f		f	[PRUEBA_T28]_DB_A Observaciones sintéticas	3	[PRUEBA_T28]_DB_A Resultado sintético	405	390	1
416	{OTRO}	2026-07-02 15:45:00+00	[PRUEBA_T28]_DB_A Tutoría sintética #126	ACE	t	30	f		f	[PRUEBA_T28]_DB_A Observaciones sintéticas	3	[PRUEBA_T28]_DB_A Resultado sintético	405	390	1
417	{OTRO}	2025-05-26 18:00:00+00	[PRUEBA_T28]_DB_A Tutoría sintética #127	ACE	t	30	f		f	[PRUEBA_T28]_DB_A Observaciones sintéticas	3	[PRUEBA_T28]_DB_A Resultado sintético	406	390	1
418	{OTRO}	2026-07-03 16:00:00+00	[PRUEBA_T28]_DB_A Tutoría sintética #128	ACE	t	30	f		f	[PRUEBA_T28]_DB_A Observaciones sintéticas	3	[PRUEBA_T28]_DB_A Resultado sintético	406	390	1
419	{OTRO}	2025-05-26 17:15:00+00	[PRUEBA_T28]_DB_A Tutoría sintética #129	ACE	t	30	f		f	[PRUEBA_T28]_DB_A Observaciones sintéticas	3	[PRUEBA_T28]_DB_A Resultado sintético	407	390	1
420	{OTRO}	2026-06-30 17:45:00+00	[PRUEBA_T28]_DB_A Tutoría sintética #130	ACE	t	30	f		f	[PRUEBA_T28]_DB_A Observaciones sintéticas	3	[PRUEBA_T28]_DB_A Resultado sintético	407	390	1
421	{OTRO}	2025-05-27 19:15:00+00	[PRUEBA_T28]_DB_A Tutoría sintética #131	ACE	t	30	f		f	[PRUEBA_T28]_DB_A Observaciones sintéticas	3	[PRUEBA_T28]_DB_A Resultado sintético	408	391	1
422	{OTRO}	2026-07-02 23:00:00+00	[PRUEBA_T28]_DB_A Tutoría sintética #132	ACE	t	30	f		f	[PRUEBA_T28]_DB_A Observaciones sintéticas	3	[PRUEBA_T28]_DB_A Resultado sintético	408	391	1
423	{OTRO}	2025-05-29 18:30:00+00	[PRUEBA_T28]_DB_A Tutoría sintética #133	ACE	t	30	f		f	[PRUEBA_T28]_DB_A Observaciones sintéticas	3	[PRUEBA_T28]_DB_A Resultado sintético	409	391	1
424	{OTRO}	2026-07-01 19:00:00+00	[PRUEBA_T28]_DB_A Tutoría sintética #134	ACE	t	30	f		f	[PRUEBA_T28]_DB_A Observaciones sintéticas	3	[PRUEBA_T28]_DB_A Resultado sintético	409	391	1
425	{OTRO}	2025-05-28 17:15:00+00	[PRUEBA_T28]_DB_A Tutoría sintética #135	ACE	t	30	f		f	[PRUEBA_T28]_DB_A Observaciones sintéticas	3	[PRUEBA_T28]_DB_A Resultado sintético	410	391	1
426	{OTRO}	2026-07-03 21:30:00+00	[PRUEBA_T28]_DB_A Tutoría sintética #136	ACE	t	30	f		f	[PRUEBA_T28]_DB_A Observaciones sintéticas	3	[PRUEBA_T28]_DB_A Resultado sintético	410	391	1
427	{OTRO}	2025-05-28 15:30:00+00	[PRUEBA_T28]_DB_A Tutoría sintética #137	ACE	t	30	f		f	[PRUEBA_T28]_DB_A Observaciones sintéticas	3	[PRUEBA_T28]_DB_A Resultado sintético	411	391	1
428	{OTRO}	2026-07-02 17:45:00+00	[PRUEBA_T28]_DB_A Tutoría sintética #138	ACE	t	30	f		f	[PRUEBA_T28]_DB_A Observaciones sintéticas	3	[PRUEBA_T28]_DB_A Resultado sintético	411	391	1
429	{OTRO}	2025-05-27 16:45:00+00	[PRUEBA_T28]_DB_A Tutoría sintética #139	ACE	t	30	f		f	[PRUEBA_T28]_DB_A Observaciones sintéticas	3	[PRUEBA_T28]_DB_A Resultado sintético	412	391	1
430	{OTRO}	2026-06-30 23:30:00+00	[PRUEBA_T28]_DB_A Tutoría sintética #140	ACE	t	30	f		f	[PRUEBA_T28]_DB_A Observaciones sintéticas	3	[PRUEBA_T28]_DB_A Resultado sintético	412	391	1
431	{OTRO}	2025-05-26 15:00:00+00	[PRUEBA_T28]_DB_A Tutoría sintética #141	ACE	t	30	f		f	[PRUEBA_T28]_DB_A Observaciones sintéticas	3	[PRUEBA_T28]_DB_A Resultado sintético	413	392	1
432	{OTRO}	2026-07-02 18:00:00+00	[PRUEBA_T28]_DB_A Tutoría sintética #142	ACE	t	30	f		f	[PRUEBA_T28]_DB_A Observaciones sintéticas	3	[PRUEBA_T28]_DB_A Resultado sintético	413	392	1
433	{OTRO}	2025-05-28 16:45:00+00	[PRUEBA_T28]_DB_A Tutoría sintética #143	ACE	t	30	f		f	[PRUEBA_T28]_DB_A Observaciones sintéticas	3	[PRUEBA_T28]_DB_A Resultado sintético	414	392	1
434	{OTRO}	2026-07-02 16:00:00+00	[PRUEBA_T28]_DB_A Tutoría sintética #144	ACE	t	30	f		f	[PRUEBA_T28]_DB_A Observaciones sintéticas	3	[PRUEBA_T28]_DB_A Resultado sintético	414	392	1
435	{OTRO}	2025-05-27 15:30:00+00	[PRUEBA_T28]_DB_A Tutoría sintética #145	ACE	t	30	f		f	[PRUEBA_T28]_DB_A Observaciones sintéticas	3	[PRUEBA_T28]_DB_A Resultado sintético	415	392	1
436	{OTRO}	2026-07-02 18:15:00+00	[PRUEBA_T28]_DB_A Tutoría sintética #146	ACE	t	30	f		f	[PRUEBA_T28]_DB_A Observaciones sintéticas	3	[PRUEBA_T28]_DB_A Resultado sintético	415	392	1
437	{OTRO}	2025-05-29 17:00:00+00	[PRUEBA_T28]_DB_A Tutoría sintética #147	ACE	t	30	f		f	[PRUEBA_T28]_DB_A Observaciones sintéticas	3	[PRUEBA_T28]_DB_A Resultado sintético	416	392	1
438	{OTRO}	2026-07-02 15:45:00+00	[PRUEBA_T28]_DB_A Tutoría sintética #148	ACE	t	30	f		f	[PRUEBA_T28]_DB_A Observaciones sintéticas	3	[PRUEBA_T28]_DB_A Resultado sintético	416	392	1
439	{OTRO}	2025-05-29 15:30:00+00	[PRUEBA_T28]_DB_A Tutoría sintética #149	ACE	t	30	f		f	[PRUEBA_T28]_DB_A Observaciones sintéticas	3	[PRUEBA_T28]_DB_A Resultado sintético	417	392	1
440	{OTRO}	2026-07-01 17:15:00+00	[PRUEBA_T28]_DB_A Tutoría sintética #150	ACE	t	30	f		f	[PRUEBA_T28]_DB_A Observaciones sintéticas	3	[PRUEBA_T28]_DB_A Resultado sintético	417	392	1
441	{OTRO}	2025-05-28 21:30:00+00	[PRUEBA_T28]_DB_A Tutoría sintética #151	ACE	t	30	f		f	[PRUEBA_T28]_DB_A Observaciones sintéticas	3	[PRUEBA_T28]_DB_A Resultado sintético	423	418	1
442	{OTRO}	2026-07-03 17:30:00+00	[PRUEBA_T28]_DB_A Tutoría sintética #152	ACE	t	30	f		f	[PRUEBA_T28]_DB_A Observaciones sintéticas	3	[PRUEBA_T28]_DB_A Resultado sintético	423	418	1
443	{OTRO}	2025-05-28 18:00:00+00	[PRUEBA_T28]_DB_A Tutoría sintética #153	ACE	t	30	f		f	[PRUEBA_T28]_DB_A Observaciones sintéticas	3	[PRUEBA_T28]_DB_A Resultado sintético	424	418	1
444	{OTRO}	2026-07-01 16:45:00+00	[PRUEBA_T28]_DB_A Tutoría sintética #154	ACE	t	30	f		f	[PRUEBA_T28]_DB_A Observaciones sintéticas	3	[PRUEBA_T28]_DB_A Resultado sintético	424	418	1
445	{OTRO}	2025-05-28 22:30:00+00	[PRUEBA_T28]_DB_A Tutoría sintética #155	ACE	t	30	f		f	[PRUEBA_T28]_DB_A Observaciones sintéticas	3	[PRUEBA_T28]_DB_A Resultado sintético	425	418	1
446	{OTRO}	2026-07-02 22:45:00+00	[PRUEBA_T28]_DB_A Tutoría sintética #156	ACE	t	30	f		f	[PRUEBA_T28]_DB_A Observaciones sintéticas	3	[PRUEBA_T28]_DB_A Resultado sintético	425	418	1
447	{OTRO}	2025-05-26 21:00:00+00	[PRUEBA_T28]_DB_A Tutoría sintética #157	ACE	t	30	f		f	[PRUEBA_T28]_DB_A Observaciones sintéticas	3	[PRUEBA_T28]_DB_A Resultado sintético	426	418	1
448	{OTRO}	2026-06-30 23:45:00+00	[PRUEBA_T28]_DB_A Tutoría sintética #158	ACE	t	30	f		f	[PRUEBA_T28]_DB_A Observaciones sintéticas	3	[PRUEBA_T28]_DB_A Resultado sintético	426	418	1
449	{OTRO}	2025-05-28 22:00:00+00	[PRUEBA_T28]_DB_A Tutoría sintética #159	ACE	t	30	f		f	[PRUEBA_T28]_DB_A Observaciones sintéticas	3	[PRUEBA_T28]_DB_A Resultado sintético	427	418	1
450	{OTRO}	2026-06-30 23:15:00+00	[PRUEBA_T28]_DB_A Tutoría sintética #160	ACE	t	30	f		f	[PRUEBA_T28]_DB_A Observaciones sintéticas	3	[PRUEBA_T28]_DB_A Resultado sintético	427	418	1
451	{OTRO}	2025-05-28 15:00:00+00	[PRUEBA_T28]_DB_A Tutoría sintética #161	ACE	t	30	f		f	[PRUEBA_T28]_DB_A Observaciones sintéticas	3	[PRUEBA_T28]_DB_A Resultado sintético	428	419	1
452	{OTRO}	2026-07-01 22:15:00+00	[PRUEBA_T28]_DB_A Tutoría sintética #162	ACE	t	30	f		f	[PRUEBA_T28]_DB_A Observaciones sintéticas	3	[PRUEBA_T28]_DB_A Resultado sintético	428	419	1
453	{OTRO}	2025-05-26 15:15:00+00	[PRUEBA_T28]_DB_A Tutoría sintética #163	ACE	t	30	f		f	[PRUEBA_T28]_DB_A Observaciones sintéticas	3	[PRUEBA_T28]_DB_A Resultado sintético	429	419	1
454	{OTRO}	2026-06-30 21:00:00+00	[PRUEBA_T28]_DB_A Tutoría sintética #164	ACE	t	30	f		f	[PRUEBA_T28]_DB_A Observaciones sintéticas	3	[PRUEBA_T28]_DB_A Resultado sintético	429	419	1
455	{OTRO}	2025-05-27 16:00:00+00	[PRUEBA_T28]_DB_A Tutoría sintética #165	ACE	t	30	f		f	[PRUEBA_T28]_DB_A Observaciones sintéticas	3	[PRUEBA_T28]_DB_A Resultado sintético	430	419	1
456	{OTRO}	2026-06-30 18:00:00+00	[PRUEBA_T28]_DB_A Tutoría sintética #166	ACE	t	30	f		f	[PRUEBA_T28]_DB_A Observaciones sintéticas	3	[PRUEBA_T28]_DB_A Resultado sintético	430	419	1
457	{OTRO}	2025-05-29 15:00:00+00	[PRUEBA_T28]_DB_A Tutoría sintética #167	ACE	t	30	f		f	[PRUEBA_T28]_DB_A Observaciones sintéticas	3	[PRUEBA_T28]_DB_A Resultado sintético	431	419	1
458	{OTRO}	2026-06-30 22:00:00+00	[PRUEBA_T28]_DB_A Tutoría sintética #168	ACE	t	30	f		f	[PRUEBA_T28]_DB_A Observaciones sintéticas	3	[PRUEBA_T28]_DB_A Resultado sintético	431	419	1
459	{OTRO}	2025-05-26 23:00:00+00	[PRUEBA_T28]_DB_A Tutoría sintética #169	ACE	t	30	f		f	[PRUEBA_T28]_DB_A Observaciones sintéticas	3	[PRUEBA_T28]_DB_A Resultado sintético	432	419	1
460	{OTRO}	2026-07-03 19:00:00+00	[PRUEBA_T28]_DB_A Tutoría sintética #170	ACE	t	30	f		f	[PRUEBA_T28]_DB_A Observaciones sintéticas	3	[PRUEBA_T28]_DB_A Resultado sintético	432	419	1
461	{OTRO}	2025-05-26 22:00:00+00	[PRUEBA_T28]_DB_A Tutoría sintética #171	ACE	t	30	f		f	[PRUEBA_T28]_DB_A Observaciones sintéticas	3	[PRUEBA_T28]_DB_A Resultado sintético	433	420	1
462	{OTRO}	2026-07-02 23:15:00+00	[PRUEBA_T28]_DB_A Tutoría sintética #172	ACE	t	30	f		f	[PRUEBA_T28]_DB_A Observaciones sintéticas	3	[PRUEBA_T28]_DB_A Resultado sintético	433	420	1
463	{OTRO}	2025-05-27 19:30:00+00	[PRUEBA_T28]_DB_A Tutoría sintética #173	ACE	t	30	f		f	[PRUEBA_T28]_DB_A Observaciones sintéticas	3	[PRUEBA_T28]_DB_A Resultado sintético	434	420	1
464	{OTRO}	2026-07-02 18:30:00+00	[PRUEBA_T28]_DB_A Tutoría sintética #174	ACE	t	30	f		f	[PRUEBA_T28]_DB_A Observaciones sintéticas	3	[PRUEBA_T28]_DB_A Resultado sintético	434	420	1
465	{OTRO}	2025-05-28 21:15:00+00	[PRUEBA_T28]_DB_A Tutoría sintética #175	ACE	t	30	f		f	[PRUEBA_T28]_DB_A Observaciones sintéticas	3	[PRUEBA_T28]_DB_A Resultado sintético	435	420	1
466	{OTRO}	2026-07-03 16:45:00+00	[PRUEBA_T28]_DB_A Tutoría sintética #176	ACE	t	30	f		f	[PRUEBA_T28]_DB_A Observaciones sintéticas	3	[PRUEBA_T28]_DB_A Resultado sintético	435	420	1
467	{OTRO}	2025-05-28 17:45:00+00	[PRUEBA_T28]_DB_A Tutoría sintética #177	ACE	t	30	f		f	[PRUEBA_T28]_DB_A Observaciones sintéticas	3	[PRUEBA_T28]_DB_A Resultado sintético	436	420	1
468	{OTRO}	2026-07-03 22:00:00+00	[PRUEBA_T28]_DB_A Tutoría sintética #178	ACE	t	30	f		f	[PRUEBA_T28]_DB_A Observaciones sintéticas	3	[PRUEBA_T28]_DB_A Resultado sintético	436	420	1
469	{OTRO}	2025-05-28 16:15:00+00	[PRUEBA_T28]_DB_A Tutoría sintética #179	ACE	t	30	f		f	[PRUEBA_T28]_DB_A Observaciones sintéticas	3	[PRUEBA_T28]_DB_A Resultado sintético	437	420	1
470	{OTRO}	2026-07-01 19:00:00+00	[PRUEBA_T28]_DB_A Tutoría sintética #180	ACE	t	30	f		f	[PRUEBA_T28]_DB_A Observaciones sintéticas	3	[PRUEBA_T28]_DB_A Resultado sintético	437	420	1
471	{OTRO}	2025-05-27 15:15:00+00	[PRUEBA_T28]_DB_A Tutoría sintética #181	ACE	t	30	f		f	[PRUEBA_T28]_DB_A Observaciones sintéticas	3	[PRUEBA_T28]_DB_A Resultado sintético	438	421	1
472	{OTRO}	2026-07-03 22:30:00+00	[PRUEBA_T28]_DB_A Tutoría sintética #182	ACE	t	30	f		f	[PRUEBA_T28]_DB_A Observaciones sintéticas	3	[PRUEBA_T28]_DB_A Resultado sintético	438	421	1
473	{OTRO}	2025-05-29 23:30:00+00	[PRUEBA_T28]_DB_A Tutoría sintética #183	ACE	t	30	f		f	[PRUEBA_T28]_DB_A Observaciones sintéticas	3	[PRUEBA_T28]_DB_A Resultado sintético	439	421	1
474	{OTRO}	2026-06-30 17:15:00+00	[PRUEBA_T28]_DB_A Tutoría sintética #184	ACE	t	30	f		f	[PRUEBA_T28]_DB_A Observaciones sintéticas	3	[PRUEBA_T28]_DB_A Resultado sintético	439	421	1
475	{OTRO}	2025-05-26 22:15:00+00	[PRUEBA_T28]_DB_A Tutoría sintética #185	ACE	t	30	f		f	[PRUEBA_T28]_DB_A Observaciones sintéticas	3	[PRUEBA_T28]_DB_A Resultado sintético	440	421	1
476	{OTRO}	2026-07-01 19:15:00+00	[PRUEBA_T28]_DB_A Tutoría sintética #186	ACE	t	30	f		f	[PRUEBA_T28]_DB_A Observaciones sintéticas	3	[PRUEBA_T28]_DB_A Resultado sintético	440	421	1
477	{OTRO}	2025-05-29 23:30:00+00	[PRUEBA_T28]_DB_A Tutoría sintética #187	ACE	t	30	f		f	[PRUEBA_T28]_DB_A Observaciones sintéticas	3	[PRUEBA_T28]_DB_A Resultado sintético	441	421	1
478	{OTRO}	2026-07-02 16:15:00+00	[PRUEBA_T28]_DB_A Tutoría sintética #188	ACE	t	30	f		f	[PRUEBA_T28]_DB_A Observaciones sintéticas	3	[PRUEBA_T28]_DB_A Resultado sintético	441	421	1
479	{OTRO}	2025-05-29 17:00:00+00	[PRUEBA_T28]_DB_A Tutoría sintética #189	ACE	t	30	f		f	[PRUEBA_T28]_DB_A Observaciones sintéticas	3	[PRUEBA_T28]_DB_A Resultado sintético	442	421	1
480	{OTRO}	2026-07-02 22:30:00+00	[PRUEBA_T28]_DB_A Tutoría sintética #190	ACE	t	30	f		f	[PRUEBA_T28]_DB_A Observaciones sintéticas	3	[PRUEBA_T28]_DB_A Resultado sintético	442	421	1
481	{OTRO}	2025-05-28 23:15:00+00	[PRUEBA_T28]_DB_A Tutoría sintética #191	ACE	t	30	f		f	[PRUEBA_T28]_DB_A Observaciones sintéticas	3	[PRUEBA_T28]_DB_A Resultado sintético	443	422	1
482	{OTRO}	2026-07-03 22:15:00+00	[PRUEBA_T28]_DB_A Tutoría sintética #192	ACE	t	30	f		f	[PRUEBA_T28]_DB_A Observaciones sintéticas	3	[PRUEBA_T28]_DB_A Resultado sintético	443	422	1
483	{OTRO}	2025-05-29 21:15:00+00	[PRUEBA_T28]_DB_A Tutoría sintética #193	ACE	t	30	f		f	[PRUEBA_T28]_DB_A Observaciones sintéticas	3	[PRUEBA_T28]_DB_A Resultado sintético	444	422	1
484	{OTRO}	2026-07-03 21:45:00+00	[PRUEBA_T28]_DB_A Tutoría sintética #194	ACE	t	30	f		f	[PRUEBA_T28]_DB_A Observaciones sintéticas	3	[PRUEBA_T28]_DB_A Resultado sintético	444	422	1
485	{OTRO}	2025-05-29 16:00:00+00	[PRUEBA_T28]_DB_A Tutoría sintética #195	ACE	t	30	f		f	[PRUEBA_T28]_DB_A Observaciones sintéticas	3	[PRUEBA_T28]_DB_A Resultado sintético	445	422	1
486	{OTRO}	2026-07-03 19:30:00+00	[PRUEBA_T28]_DB_A Tutoría sintética #196	ACE	t	30	f		f	[PRUEBA_T28]_DB_A Observaciones sintéticas	3	[PRUEBA_T28]_DB_A Resultado sintético	445	422	1
487	{OTRO}	2025-05-28 17:30:00+00	[PRUEBA_T28]_DB_A Tutoría sintética #197	ACE	t	30	f		f	[PRUEBA_T28]_DB_A Observaciones sintéticas	3	[PRUEBA_T28]_DB_A Resultado sintético	446	422	1
488	{OTRO}	2026-06-30 15:45:00+00	[PRUEBA_T28]_DB_A Tutoría sintética #198	ACE	t	30	f		f	[PRUEBA_T28]_DB_A Observaciones sintéticas	3	[PRUEBA_T28]_DB_A Resultado sintético	446	422	1
489	{OTRO}	2025-05-28 23:00:00+00	[PRUEBA_T28]_DB_A Tutoría sintética #199	ACE	t	30	f		f	[PRUEBA_T28]_DB_A Observaciones sintéticas	3	[PRUEBA_T28]_DB_A Resultado sintético	447	422	1
490	{OTRO}	2026-06-30 23:00:00+00	[PRUEBA_T28]_DB_A Tutoría sintética #200	ACE	t	30	f		f	[PRUEBA_T28]_DB_A Observaciones sintéticas	3	[PRUEBA_T28]_DB_A Resultado sintético	447	422	1
\.


--
-- Data for Name: Usuarios_alumno; Type: TABLE DATA; Schema: public; Owner: postgres
--

COPY public."Usuarios_alumno" (usuario_ptr_id, carrera, trayectoria, estado, trimestre_ingreso, tutor_asignado_id, rfc) FROM stdin;
18	MAT		2	19-O	15	Pendiente
19	MAT		1	17-O	15	Pendiente
20	MAT		2	18-O	12	Pendiente
21	MAT		1	20-O	12	Pendiente
22	COM		1	22-O	9	Pendiente
23	COM		2	19-O	9	Pendiente
24	COM		10	10-O	13	Pendiente
25	COM		1	18-O	13	Pendiente
26	COM		10	20-O	13	Pendiente
27	COM		1	25-P	13	Pendiente
28	COM		1	21-O	13	Pendiente
29	COM		2	25-P	13	Pendiente
30	COM		1	14-O	13	Pendiente
31	COM		1	25-P	13	Pendiente
32	COM		2	19-O	13	Pendiente
33	COM		1	23-O	13	Pendiente
34	COM		1	23-O	13	Pendiente
35	COM		10	14-O	13	Pendiente
36	COM		1	21-O	13	Pendiente
37	COM		1	23-O	13	Pendiente
38	COM		1	21-O	13	Pendiente
39	COM		10	23-O	13	Pendiente
40	COM		1	25-P	13	Pendiente
41	COM		1	25-O	13	Pendiente
42	COM		1	23-O	13	Pendiente
43	COM		1	23-O	13	Pendiente
44	COM		10	23-O	13	Pendiente
45	COM		1	24-O	13	Pendiente
46	COM		1	23-O	13	Pendiente
47	COM		1	23-O	13	Pendiente
48	COM		1	24-O	13	Pendiente
49	COM		1	24-P	13	Pendiente
50	COM		1	23-O	13	Pendiente
51	COM		2	24-P	13	Pendiente
52	COM		1	24-P	13	Pendiente
53	COM		2	20-O	13	Pendiente
54	COM		2	18-O	13	Pendiente
55	COM		1	20-O	13	Pendiente
56	COM		1	19-O	13	Pendiente
57	COM		10	24-O	13	Pendiente
58	COM		2	15-O	13	Pendiente
59	COM		1	15-O	13	Pendiente
60	COM		2	23-O	13	Pendiente
61	COM		10	21-O	13	Pendiente
62	COM		1	19-O	13	Pendiente
63	COM		1	20-O	13	Pendiente
64	COM		10	20-O	13	Pendiente
65	COM		1	22-O	13	Pendiente
66	COM		1	22-O	13	Pendiente
67	COM		1	22-O	13	Pendiente
68	COM		1	22-O	13	Pendiente
69	COM		1	20-O	13	Pendiente
70	COM		1	25-O	13	Pendiente
71	COM		1	21-O	13	Pendiente
72	COM		1	20-O	13	Pendiente
73	COM		1	19-O	13	Pendiente
74	COM		1	20-O	13	Pendiente
75	COM		1	22-O	13	Pendiente
76	COM		2	23-O	13	Pendiente
77	COM		1	25-P	13	Pendiente
78	COM		1	20-O	13	Pendiente
79	COM		1	22-O	13	Pendiente
80	COM		1	22-O	13	Pendiente
81	COM		2	20-O	13	Pendiente
82	COM		10	20-O	13	Pendiente
83	COM		1	25-O	13	Pendiente
84	COM		1	21-O	13	Pendiente
85	COM		1	25-P	13	Pendiente
86	COM		1	20-O	13	Pendiente
87	COM		1	21-O	13	Pendiente
88	COM		2	14-O	13	Pendiente
89	COM		2	24-O	13	Pendiente
90	COM		1	16-O	13	Pendiente
91	COM		1	25-O	13	Pendiente
92	COM		1	21-P	13	Pendiente
93	COM		1	24-O	13	Pendiente
94	COM		1	21-O	13	Pendiente
95	COM		1	24-O	13	Pendiente
96	COM		1	18-O	13	Pendiente
97	COM		1	23-O	13	Pendiente
98	COM		10	19-O	13	Pendiente
99	COM		2	14-O	13	Pendiente
100	COM		2	20-O	13	Pendiente
101	COM		1	25-O	9	Pendiente
102	COM		1	23-O	9	Pendiente
103	COM		1	22-O	9	Pendiente
104	COM		1	23-O	9	Pendiente
105	COM		1	22-O	9	Pendiente
106	COM		1	22-O	9	Pendiente
107	COM		10	22-O	9	Pendiente
108	COM		2	23-O	9	Pendiente
109	COM		1	23-O	9	Pendiente
110	COM		1	24-O	9	Pendiente
111	COM		1	23-O	9	Pendiente
112	COM		1	21-O	9	Pendiente
113	COM		2	24-P	9	Pendiente
114	COM		1	25-O	9	Pendiente
115	COM		1	24-P	9	Pendiente
116	COM		1	23-O	9	Pendiente
117	COM		2	24-P	9	Pendiente
118	COM		1	24-P	9	Pendiente
119	COM		1	25-P	9	Pendiente
120	COM		1	25-O	9	Pendiente
121	COM		1	20-O	9	Pendiente
122	COM		1	25-P	9	Pendiente
123	COM		1	25-P	9	Pendiente
124	COM		1	25-O	9	Pendiente
125	COM		1	23-O	9	Pendiente
126	COM		1	23-O	9	Pendiente
127	MAT		1	18-O	12	Pendiente
128	MAT		1	19-O	12	Pendiente
129	MAT		2	19-O	12	Pendiente
130	MAT		1	20-O	12	Pendiente
131	MAT		1	21-O	12	Pendiente
132	MAT		1	21-O	12	Pendiente
133	MAT		1	21-O	12	Pendiente
134	MAT		1	21-O	12	Pendiente
135	MAT		1	21-O	12	Pendiente
136	MAT		1	22-O	12	Pendiente
138	MAT		1	22-O	12	Pendiente
139	MAT		1	23-O	12	Pendiente
140	MAT		1	23-O	12	Pendiente
141	MAT		2	23-O	12	Pendiente
142	MAT		1	24-O	12	Pendiente
143	MAT		1	24-O	12	Pendiente
144	MAT		1	25-O	12	Pendiente
145	MAT		1	25-O	12	Pendiente
146	MAT		2	18-O	12	Pendiente
147	MAT		2	20-O	12	Pendiente
148	MAT		10	21-O	12	Pendiente
149	MAT		10	21-O	12	Pendiente
150	MAT		1	22-O	12	Pendiente
151	MAT		10	22-O	12	Pendiente
152	MAT		1	23-O	12	Pendiente
153	MAT		1	23-O	12	Pendiente
154	MAT		1	23-O	12	Pendiente
155	MAT		1	24-O	12	Pendiente
156	MAT		10	24-O	12	Pendiente
157	MAT		1	25-O	12	Pendiente
158	MAT		10	25-O	12	Pendiente
159	MAT		1	25-O	12	Pendiente
333	COM		1	24-O	328	Pendiente
334	COM		1	24-O	328	Pendiente
335	COM		1	25-O	328	Pendiente
336	COM		1	21-O	328	Pendiente
337	COM		1	25-P	328	Pendiente
338	COM		1	23-O	329	Pendiente
339	COM		1	25-O	329	Pendiente
340	COM		1	22-O	329	Pendiente
341	COM		1	25-P	329	Pendiente
342	COM		1	25-O	329	Pendiente
343	COM		1	22-O	330	Pendiente
344	COM		1	25-P	330	Pendiente
345	COM		1	22-O	330	Pendiente
346	COM		1	25-O	330	Pendiente
347	COM		1	23-O	330	Pendiente
348	COM		1	21-O	331	Pendiente
349	COM		1	22-O	331	Pendiente
350	COM		1	25-P	331	Pendiente
351	COM		1	25-P	331	Pendiente
352	COM		1	25-P	331	Pendiente
353	COM		1	25-O	332	Pendiente
354	COM		1	22-O	332	Pendiente
355	COM		1	25-O	332	Pendiente
356	COM		1	25-P	332	Pendiente
357	COM		1	25-P	332	Pendiente
363	MAT		1	25-P	358	Pendiente
364	MAT		1	22-O	358	Pendiente
365	MAT		1	25-O	358	Pendiente
366	MAT		1	22-O	358	Pendiente
367	MAT		1	22-O	358	Pendiente
368	MAT		1	24-O	359	Pendiente
369	MAT		1	25-O	359	Pendiente
370	MAT		1	21-O	359	Pendiente
371	MAT		1	25-P	359	Pendiente
372	MAT		1	23-O	359	Pendiente
373	MAT		1	23-O	360	Pendiente
374	MAT		1	21-O	360	Pendiente
375	MAT		1	22-O	360	Pendiente
376	MAT		1	23-O	360	Pendiente
377	MAT		1	22-O	360	Pendiente
378	MAT		1	21-O	361	Pendiente
379	MAT		1	25-O	361	Pendiente
380	MAT		1	25-P	361	Pendiente
381	MAT		1	24-O	361	Pendiente
382	MAT		1	24-O	361	Pendiente
383	MAT		1	23-O	362	Pendiente
384	MAT		1	25-O	362	Pendiente
385	MAT		1	23-O	362	Pendiente
386	MAT		1	25-P	362	Pendiente
387	MAT		1	21-O	362	Pendiente
393	IB		1	24-O	388	Pendiente
394	IB		1	21-O	388	Pendiente
395	IB		1	21-O	388	Pendiente
396	IB		1	23-O	388	Pendiente
397	IB		1	21-O	388	Pendiente
398	IB		1	24-O	389	Pendiente
399	IB		1	22-O	389	Pendiente
400	IB		1	25-P	389	Pendiente
401	IB		1	24-O	389	Pendiente
402	IB		1	23-O	389	Pendiente
403	IB		1	21-O	390	Pendiente
404	IB		1	25-P	390	Pendiente
405	IB		1	25-P	390	Pendiente
406	IB		1	22-O	390	Pendiente
407	IB		1	25-O	390	Pendiente
408	IB		1	21-O	391	Pendiente
409	IB		1	25-P	391	Pendiente
410	IB		1	22-O	391	Pendiente
411	IB		1	25-O	391	Pendiente
412	IB		1	23-O	391	Pendiente
413	IB		1	25-P	392	Pendiente
414	IB		1	25-O	392	Pendiente
415	IB		1	25-P	392	Pendiente
416	IB		1	24-O	392	Pendiente
417	IB		1	23-O	392	Pendiente
423	BM		1	25-P	418	Pendiente
424	BM		1	24-O	418	Pendiente
425	BM		1	24-O	418	Pendiente
426	BM		1	23-O	418	Pendiente
427	BM		1	23-O	418	Pendiente
428	BM		1	23-O	419	Pendiente
429	BM		1	22-O	419	Pendiente
430	BM		1	24-O	419	Pendiente
431	BM		1	23-O	419	Pendiente
432	BM		1	23-O	419	Pendiente
433	BM		1	22-O	420	Pendiente
434	BM		1	25-O	420	Pendiente
435	BM		1	25-P	420	Pendiente
436	BM		1	25-P	420	Pendiente
437	BM		1	23-O	420	Pendiente
438	BM		1	22-O	421	Pendiente
439	BM		1	25-O	421	Pendiente
440	BM		1	21-O	421	Pendiente
441	BM		1	24-O	421	Pendiente
442	BM		1	23-O	421	Pendiente
443	BM		1	24-O	422	Pendiente
444	BM		1	25-O	422	Pendiente
445	BM		1	24-O	422	Pendiente
446	BM		1	25-O	422	Pendiente
447	BM		1	22-O	422	Pendiente
\.


--
-- Data for Name: Usuarios_coda; Type: TABLE DATA; Schema: public; Owner: postgres
--

COPY public."Usuarios_coda" (usuario_ptr_id, cubiculo, horario, es_coordinador, tema_tutorias) FROM stdin;
2	1		f	OTRO
3	2		f	OTRO
\.


--
-- Data for Name: Usuarios_cordinador; Type: TABLE DATA; Schema: public; Owner: postgres
--

COPY public."Usuarios_cordinador" (usuario_ptr_id, cubiculo, horario, coordinacion, es_coordinador, es_tutor, tutor_tutorias, tutor_relacion_id) FROM stdin;
12	11		MAT	t	t	t	12
16	15		BM	t	t	t	16
17	14		IB	t	t	t	17
13	9		COM	t	t	t	13
\.


--
-- Data for Name: Usuarios_documento; Type: TABLE DATA; Schema: public; Owner: postgres
--

COPY public."Usuarios_documento" (id, nombre, archivo, fecha_subida) FROM stdin;
2	Carta Asignación alumno	documentos/carta_asignacion_alumno_plantilla.docx	2026-03-25 04:28:05.95396+00
3	Carta Asignación tutor	documentos/carta_asignacion_tutor_plantilla.docx	2026-03-25 04:28:16.205363+00
1	Reporte tutorías atendidas (carta anual)	documentos/reporte_tutorias_plantilla_2_1.docx	2026-03-23 15:53:57.578863+00
\.


--
-- Data for Name: Usuarios_tutor; Type: TABLE DATA; Schema: public; Owner: postgres
--

COPY public."Usuarios_tutor" (usuario_ptr_id, cubiculo, horario, coordinacion, es_coordinador, es_tutor, tema_tutorias) FROM stdin;
4	3		BM	f	t	OTRO
5	4		BM	f	t	OTRO
6	5		BM	f	t	OTRO
7	6		IB	f	t	OTRO
8	7		IB	f	t	OTRO
9	8		COM	f	t	OTRO
11	10		COM	f	t	OTRO
12	11		MAT	t	t	OTRO
14	12		MAT	f	t	OTRO
15	13		MAT	f	t	OTRO
16	15		BM	t	t	OTRO
17	14		IB	t	t	OTRO
13	9		COM	t	t	OTRO
328	101		COM	f	t	OTRO
329	102		COM	f	t	OTRO
330	103		COM	f	t	OTRO
331	104		COM	f	t	OTRO
332	105		COM	f	t	OTRO
358	106		MAT	f	t	OTRO
359	107		MAT	f	t	OTRO
360	108		MAT	f	t	OTRO
361	109		MAT	f	t	OTRO
362	110		MAT	f	t	OTRO
388	111		IB	f	t	OTRO
389	112		IB	f	t	OTRO
390	113		IB	f	t	OTRO
391	114		IB	f	t	OTRO
392	115		IB	f	t	OTRO
418	116		BM	f	t	OTRO
419	117		BM	f	t	OTRO
420	118		BM	f	t	OTRO
421	119		BM	f	t	OTRO
422	120		BM	f	t	OTRO
\.


--
-- Data for Name: Usuarios_usuario; Type: TABLE DATA; Schema: public; Owner: postgres
--

COPY public."Usuarios_usuario" (id, password, last_login, is_superuser, first_name, last_name, is_staff, is_active, date_joined, matricula, foto, email, correo_personal, rol, sexo, second_last_name) FROM stdin;
1	pbkdf2_sha256$390000$Wb60Tcol1phSUjg4Eu9eF6$uvFmI6K7yW0v1aeUKnNqEDKBf9/BwIEcHxe8Cw3VuTI=	2026-03-20 12:00:15.798218+00	t			t	t	2026-03-20 04:45:46.134623+00	000		super@mail.com	\N	{USR}	\N	\N
2	pbkdf2_sha256$390000$jLoty2G7G0r5oPwgxjNxiw$eMxPYFLm3yaac+JcdFNIqH8KDpihPTdzdncv8f/D0To=	2026-03-25 05:52:19.15247+00	f	Ernesto	Rivera	f	t	2026-03-20 12:42:59.742651+00	34140		coddaa@cua.uam.mx	\N	{CODA}	\N	Becerril
4	pbkdf2_sha256$390000$UbNqczIWznG8yzsGV2eRh9$Ae/hSA7xi5+AIEfLno34AjbmSb/PPE7f8/BKAt4ehjs=	\N	f	Ernesto	Rivera	f	t	2026-03-20 12:54:04.784514+00	34040		erivera@cua.uam.mx	erivera@mail.com	{TUT}	M	Becerril
5	pbkdf2_sha256$390000$rvNZsSLzubz4LbAxfy0th3$LTPVYcRthsmDNFK+EZf+pzyduibHvbBniRGoJdcBh6k=	\N	f	Roxana	López	f	t	2026-03-20 12:56:10.639145+00	33422		rlopez@cua.uam.mx	rlopez@mail.com	{TUT}	F	Simeon
6	pbkdf2_sha256$390000$l2BvAey88JfvXAYBDpSSPi$RBdK0bR3mXr4+SqCHrkNKSrmKAOtBz/N9YnFGAsG1G4=	\N	f	Hugo	Nájera	f	t	2026-03-20 13:00:44.833484+00	32707		hnajera@cua.uam.mx	hnajera@mail.com	{TUT}	M	Peña
7	pbkdf2_sha256$390000$Ec36R3fF4mkWTAgNFIV0ta$he83mG3oZ5aLcGembeeYNRSG3hutDBjgc3BA7b6PFyU=	\N	f	Maribel	Hernández	f	t	2026-03-20 13:03:32.203981+00	33637		mhernandez@cua.uam.mx	mhernandez@mail.com	{TUT}	F	Guerrero
8	pbkdf2_sha256$390000$3CLf32oL2y1mo4PFeRI8uX$cgEbicTDjukY8oqZ9LFp16SqQvH79YEe4hCMP905ShU=	\N	f	Nohra Elsy	Beltrán	f	t	2026-03-20 13:05:03.727801+00	38397		nbeltran@cua.uam.mx	nbeltran@mail.com	{TUT}	F	Vargas
11	pbkdf2_sha256$390000$vw150c68uvKcA5zIsTcpW6$r4IQqlqGP4ol0rgskzMeeaQEAjrOf8Di/FJtpupL4bI=	\N	f	Alicia Montserrat	Álvarado	f	t	2026-03-20 13:12:33.503949+00	41051		aalvarado@cua.uam.mx	aalvarado@mail.com	{TUT}	F	González
12	pbkdf2_sha256$390000$BVlW1vxHni5KpMaMPklDQY$xkHXMg2O9APucdDSi0T1AKYkAj15cmmrRVyg7HuZC8Y=	\N	f	Mika	Olsen	f	t	2026-03-20 13:17:47.013005+00	30780		olsen@cua.uam.mx	\N	{COR,TUT}	F	\N
9	pbkdf2_sha256$390000$AqUd4yQnkBBhdd1M6jIkCR$3kBRlH4KDFwL9YidS/WVJ6wF6q3Ekyokk/ipMZuoPe4=	2026-03-25 05:53:30.908714+00	f	Areli	Rojo	f	t	2026-03-20 13:08:08.671636+00	41935		arojoh@cua.uam.mx	arojoh@mail.com	{TUT}	F	Hernández
14	pbkdf2_sha256$390000$bmIzkIDf2G6NHVeIte9ghF$RbatUgRtpTAp4gSmr6nYImTm0w7LHXESGYoU3FowEV4=	\N	f	Julián Alberto	Fresán	f	t	2026-03-20 13:25:39.969638+00	34683		jfresan@cua.uam.mx	jfresan@mail.com	{TUT}	M	Figueroa
15	pbkdf2_sha256$390000$bIe088amMFmTEZzudtGzTY$R8mp178XwmNso/t/37BbayNMEu4Zb1YKY/CTnXC1bC0=	\N	f	Luis	Franco	f	t	2026-03-20 13:26:48.080928+00	29424		lfranco@cua.uam.mx	lfranco@mail.com	{TUT}	M	Pérez
16	pbkdf2_sha256$390000$GmgQzKjykbK66sQWzS4kGT$6jzZcey8/0JLTMXowbN4hm1hL8KzCpkP2CSdY2qZzGQ=	\N	f	Cynthia Gabriela	Sámano	f	t	2026-03-20 13:40:49.829641+00	31240		csamano@cua.uam.mx	\N	{COR,TUT}	F	Salazar
17	pbkdf2_sha256$390000$7aPszQQqMPSu2DtQl9Wwf9$ZuqD9HgTe6mhnK4t1RyO8i0kelHoFROG6g/Kuxxfeyw=	\N	f	Juan Carlos	Sigala	f	t	2026-03-20 13:42:45.181849+00	39317		jsigala@mail.com	\N	{COR,TUT}	M	Alanis
18	pbkdf2_sha256$390000$smkVfAmGXyggaTm4VCIka6$z+TxB4FewpQrV5heVEfPUu3cO9W4IDrdDa56NL2y9EQ=	\N	f	Martina	Mochulske	f	t	2026-03-20 17:48:09.20722+00	2193035944		martina.mochulske@cua.uam.mx	martina.mochulske@mail.com	{ALU}	F	Pardo
19	pbkdf2_sha256$390000$TQh1JTTdJBq106oDsglZnx$gKyTYh+44A1ejOmQd+Ll/ef//GGcyn0CljDZr5cksn0=	\N	f	Santiago	Nieto	f	t	2026-03-20 17:48:09.784417+00	2173083702		santiago.nieto@cua.uam.mx	santiago.nieto@mail.com	{ALU}	M	Dominguez
20	pbkdf2_sha256$390000$ppnKQkbOVtBb32WpA7fqlU$69s9zoe7lyM1e7/gmkUy3G27xGKge7bEPuqBs4BMjzw=	\N	f	Monica Angélica	Montiel	f	t	2026-03-20 17:48:10.196309+00	2183077618		monica.montiel@cua.uam.mx	monica.montiel@mail.com	{ALU}	F	Medina
21	pbkdf2_sha256$390000$ZvG5lqr6WrKxIEEgXrI1RJ$7/Ff/d2vZLJzK+uD6DL3yuudWUrvv88u26ocxIaJaLg=	\N	f	Raul Arturo	Gaytan	f	t	2026-03-20 17:48:10.553269+00	2203066604		raul.gaytan@cua.uam.mx	raul.gaytan@mail.com	{ALU}	M	Ruiz
25	pbkdf2_sha256$390000$i2IDW2vcvobosZrlRDX7W4$veRn87CcspCFKgkvAf+QNwUG2K88CzWX60zz016yXqk=	\N	f	Kevin Alberto	Cuautle	f	t	2026-03-20 17:48:12.132354+00	2183034677		kevin.cuautle@cua.uam.mx	kevin.cuautle@mail.com	{ALU}	M	Roman
23	pbkdf2_sha256$390000$XGTaa9dFSAak77urKVHyOO$rZPtiSlLVrGSJtbwrEk2gxb8wrkSEaKy+ZKuA+ZQ5FE=	2026-03-25 05:50:07.989157+00	f	Brandon	Juarez	f	t	2026-03-20 17:48:11.341578+00	2193035695		brandon.rosas@cua.uam.mx	brandon.rosas@mail.com	{ALU}	M	Rosas
22	pbkdf2_sha256$390000$mPZYdjLa7qJe8E7EDSDF6u$MtdMKoYm86hsSSqr5c4z3PZsTTftpw7OQ5HlN1FCsEM=	2026-03-20 17:54:42.208454+00	f	Karla	Arriaga	f	t	2026-03-20 17:48:10.932983+00	2223068711		karla.arriaga@cua.uam.mx	karla.arriaga@mail.com	{ALU}	F	Cruz
24	pbkdf2_sha256$390000$OzksyIX2Gx2zL4F9j6ZDxM$Eqk10v5zu2FIul1485WBAL1A5m1yqvmkiQd1sOri0AQ=	2026-03-23 00:47:14.619818+00	f	Ana Cristina	Romero	f	t	2026-03-20 17:48:11.799846+00	210380608		ana.romero@cua.uam.mx	ana.romero@mail.com	{ALU}	F	Flores
13	pbkdf2_sha256$390000$4gDOtQ08erAOvZuOaiOjGn$zloXeFncKcd7AO7Fbq99Bde57lQUuYcWvQc3h/S+T0Y=	2026-03-25 05:51:35.157458+00	f	Antonio	López	f	t	2026-03-20 13:23:10.006323+00	30419		alopez@mail.com	\N	{COR,TUT}	M	Jaimes
26	pbkdf2_sha256$390000$lrzt32CFY3IG0roeYYarN2$0Cm7ueqqESoEHE+Ril7uDlYqr+CSKX6AJ5DRWfSSJjc=	\N	f	LEONARDO	AGUILAR	f	t	2026-03-30 21:21:42.286997+00	2203025005		leonardo.aguilar@cua.uam.mx	leonardo.aguilar@mail.com	{ALU}	M	MARTINEZ
27	pbkdf2_sha256$390000$fEWcjcSQlUyENx6LPlkPWL$cDWDhleJTNe7gEiGhph3ymbbtFWjyay1FJXIVjup4/I=	\N	f	MARVIN JAZEF	ALMONTE	f	t	2026-03-30 21:21:42.628776+00	2252040496		marvin.almonte@cua.uam.mx	marvin.almonte@mail.com	{ALU}	M	PATIO
28	pbkdf2_sha256$390000$7JQXrJu4KrPNsMPKW317OH$nbU+5wd7mSbPwBxGyROkU4TlPPUeygE6bpoABH0CyQY=	\N	f	JOSE ANTONIO	ALVARADO	f	t	2026-03-30 21:21:42.981743+00	2213026729		jose.alvarado@cua.uam.mx	jose.alvarado@mail.com	{ALU}	M	HERNANDEZ
29	pbkdf2_sha256$390000$eMH1qXaQYgUqRY87eViPQ8$MospPGvGGbbxBSjq+l1hzA6U63Qv0eEkNE8xQecm0mM=	\N	f	FERNANDO	ARANGO	f	t	2026-03-30 21:21:43.452237+00	2252044305		fernando.arango@cua.uam.mx	fernando.arango@mail.com	{ALU}	M	GUADARRAMA
30	pbkdf2_sha256$390000$JarZRliwjW0Xk84SyCMhdD$QxloyNx6Uo2JP9+a9bMhNV/78xBEq68pZpnZzLufI1U=	\N	f	DAVID	BAEZA	f	t	2026-03-30 21:21:43.773144+00	2143030293		david.baeza@cua.uam.mx	david.baeza@mail.com	{ALU}	M	GONZALEZ
31	pbkdf2_sha256$390000$KbO7SLj3xRRaI6JBpNgcjG$ukApCR7Qn/V+pmYBdyYLmtxpIwhnWpmGsQD1bc8S+BY=	\N	f	MARIO	BARRIENTOS	f	t	2026-03-30 21:21:44.206766+00	2252040441		mario.barrientos@cua.uam.mx	mario.barrientos@mail.com	{ALU}	M	ALMARAZ
3	pbkdf2_sha256$390000$SoefU5MQwFJ3ddql5YwkA3$fqySNAGA6d3Kdv3QdKNURYtpCBzg0ELSTvDh0p+bxe4=	2026-05-22 01:26:47.719292+00	f	Verenice	Fabre	f	t	2026-03-20 12:43:52.384066+00	40143		vfabre@cua.uam.mx	\N	{CODA}	\N	Chávez
32	pbkdf2_sha256$390000$jeJXDwxJZ9c9W7VJtW22xk$tsPqQ5RBx8A9XMd+jDQCPgdXtTAottvsLGrhRyv1ats=	\N	f	KEVIN	BAUTISTA	f	t	2026-03-30 21:21:44.632271+00	2193076972		kevin.bautista@cua.uam.mx	kevin.bautista@mail.com	{ALU}	M	CERVANTES
33	pbkdf2_sha256$390000$zLONMy46gVqqW1B0wecYwl$ylD5L3V3cSNz3xSGaM6dYy1kEeOimT3EJqKQxVA1j1w=	\N	f	ANGEL ESAU	BAUTISTA	f	t	2026-03-30 21:21:44.909724+00	2233031502		angel.bautista@cua.uam.mx	angel.bautista@mail.com	{ALU}	M	GARCIA
34	pbkdf2_sha256$390000$NQcrGlOCCmnwjHFBXVOn76$Pn/0bkb7xsZzzbj7VTwvLFz4YOwAD3u+ga2CSCRAWYQ=	\N	f	MARIANO	BRAUER	f	t	2026-03-30 21:21:45.300277+00	2233031619		mariano.brauer@cua.uam.mx	mariano.brauer@mail.com	{ALU}	M	CANO
35	pbkdf2_sha256$390000$CK8o5nZSN9E9N22N3vRZPJ$C0xTE21ewjrIdJhFX5i4uLcP3mdNys15KGT4qVKd410=	\N	f	JOSE EDUARDO	CAMPUZANO	f	t	2026-03-30 21:21:45.726416+00	2143030337		jose.campuzano@cua.uam.mx	jose.campuzano@mail.com	{ALU}	M	CORONA
36	pbkdf2_sha256$390000$9p9wQYRWQ8Ccs4sKAxPZb4$7NjpUYl0e5OanhOvEXKNoiWtM+ga2FoHdPqLDABn/R4=	\N	f	FERNANDO TONATIUH	CARMONA	f	t	2026-03-30 21:21:46.088457+00	2213026587		fernando.carmona@cua.uam.mx	fernando.carmona@mail.com	{ALU}	M	GONZALEZ
37	pbkdf2_sha256$390000$3q5PclkLLjE6IhmiddjtE3$2609Ai0Tf7diIVh7jdFjBnrafWE64y6wRMwATh6GQB0=	\N	f	QUITZE GUADALUPE	CARRANZA	f	t	2026-03-30 21:21:46.382843+00	2233071168		quitze.carranza@cua.uam.mx	quitze.carranza@mail.com	{ALU}	F	MENDEZ
38	pbkdf2_sha256$390000$Bam2b7eNbH6PIdzLEuqF9B$HP+apQ7OS7i261kZwh0fyADwC/bCI4pBuQRaz1HxICs=	\N	f	MAXIMILIANO	CASAS	f	t	2026-03-30 21:21:46.811699+00	2213026630		maximiliano.casas@cua.uam.mx	maximiliano.casas@mail.com	{ALU}	M	RODRIGUEZ
39	pbkdf2_sha256$390000$HNJFXOkBkQlsR7PFpdJfdj$fp80SK61UfxtP/j1lnsWHUkRzo3aP+wNG08JeeRZk6M=	\N	f	YAIR	CASTAÑON	f	t	2026-03-30 21:21:47.322134+00	2233031468		yair.castanon@cua.uam.mx	yair.castanon@mail.com	{ALU}	M	GONZALEZ
40	pbkdf2_sha256$390000$fCyX1O8RpgJ20qKkZ4feEm$HLQAp0v/iFbnxF1G03B5O2nPr9E0r7JxScyWmhvQ/Hw=	\N	f	CRISTIAN DANIEL	CILIA	f	t	2026-03-30 21:21:47.589247+00	2252040503		cristian.cilia@cua.uam.mx	cristian.cilia@mail.com	{ALU}	M	LOPEZ
41	pbkdf2_sha256$390000$vqcnNmvqiKQMZdsi6xYYZ5$H6MkOc3VKYzg9EUz/6W+NUQbP+rlae2TGlolxvrOLT8=	\N	f	ISRAEL	CORTES	f	t	2026-03-30 21:21:47.934223+00	2253032078		israel.cortes@cua.uam.mx	israel.cortes@mail.com	{ALU}	M	ESCOBAR
42	pbkdf2_sha256$390000$pCq6X1KBwiHuINV6WSurt3$wYpcV7wtxj3KKrp4Bt1qzt7KqqzIyyN1RfE7LqmE+/8=	\N	f	JOSE DE JESUS	CORTES	f	t	2026-03-30 21:21:48.206239+00	2233031137		jose.cortes@cua.uam.mx	jose.cortes@mail.com	{ALU}	M	RAMIREZ
43	pbkdf2_sha256$390000$41tW0b0dVrhKe7Dm8rgZBd$Koj/tquDNG/ie+aBheApgPf6EqAm5xnFP1MuAkDhi0I=	\N	f	MARIANA	CUZ	f	t	2026-03-30 21:21:48.489441+00	2233071220		mariana.cuz@cua.uam.mx	mariana.cuz@mail.com	{ALU}	F	FRANCO
44	pbkdf2_sha256$390000$x67i2lu36Omq1SvKmCtpdp$em/K2AAy0SQI6icjFYmIlhcPl8MiOYxDnlro1U9xmKU=	\N	f	LUIS FRANCISCO	DAVILA	f	t	2026-03-30 21:21:48.746401+00	2233031388		luis.davila@cua.uam.mx	luis.davila@mail.com	{ALU}	M	FAJARDO
45	pbkdf2_sha256$390000$M9lMaAKJMYcx5L7B8SVrYH$C3kkAPIjK68fPdOD6gUO2o87l7s+r3/AiGMP5NR+vEw=	\N	f	ALDAIR	DIAZ	f	t	2026-03-30 21:21:49.123362+00	2243031229		aldair.diaz@cua.uam.mx	aldair.diaz@mail.com	{ALU}	M	MENDOZA
46	pbkdf2_sha256$390000$5X0tVPpPXDi3qR5tc49XWi$aRjkXUz2Ir/zeRiTrcJKEhxa/0GbclinouORwlFSpU4=	\N	f	JUAN RODRIGO	ESCOBAR	f	t	2026-03-30 21:21:49.563665+00	2233071211		juan.escobar@cua.uam.mx	juan.escobar@mail.com	{ALU}	M	DOMINGUEZ
47	pbkdf2_sha256$390000$lBVTzyQqWa7vIqr8oZbj0Z$435+K2fGN7c7KVbQkc4PfihiWCZ/1XDs6dFMp+oJ8R8=	\N	f	BRAULIO	ESQUIVEL	f	t	2026-03-30 21:21:49.950662+00	2233031182		braulio.esquivel@cua.uam.mx	braulio.esquivel@mail.com	{ALU}	M	VASCO
48	pbkdf2_sha256$390000$izlt3D6T08nZkmo9hqxps2$iHBLbq4kwyGF1gQJW+YtXhHcRCZ715wJLRmdEmHBugg=	\N	f	SANTIAGO	ESTRADA	f	t	2026-03-30 21:21:50.256463+00	2243031407		santiago.estrada@cua.uam.mx	santiago.estrada@mail.com	{ALU}	M	HERNANDEZ
49	pbkdf2_sha256$390000$MhoSxdeo9xqoH7h6KISBf5$VCQY5CxxVhA6QKv+nmdYA8qRFbWMZAU9fVjE7bXec5U=	\N	f	YAEL ALFREDO	FIGUEROA	f	t	2026-03-30 21:21:50.644414+00	2242041703		yael.figueroa@cua.uam.mx	yael.figueroa@mail.com	{ALU}	M	CORREA
50	pbkdf2_sha256$390000$YSw3MLVuZGUN90Ifq0yb8A$ANqTf/jvM3jPvjgryw3bzMIdsRa/jf0f3qjiUNRfXMU=	\N	f	JONATHAN FERNANDO	FLORES	f	t	2026-03-30 21:21:50.91775+00	2233031397		jonathan.flores@cua.uam.mx	jonathan.flores@mail.com	{ALU}	M	DELGADO
51	pbkdf2_sha256$390000$7cnRI7uLL2PNffd4hA03ZK$rbP5gUSPVyXGp+C0uHE2T1bvC5tKAgVjJRPhMR698Q0=	\N	f	ADAIR	FLORES	f	t	2026-03-30 21:21:51.13895+00	2242041632		adair.flores@cua.uam.mx	adair.flores@mail.com	{ALU}	M	MORENO
52	pbkdf2_sha256$390000$BqNAbCbpEKk6AzTArVTCA5$KDuqbhRVJjmqsIl8nLkKKiunGSLIcB33r0nm8Cg2fqI=	\N	f	JIMENA MONSERRAT	GARCIA	f	t	2026-03-30 21:21:51.514179+00	2242041696		jimena.garcia@cua.uam.mx	jimena.garcia@mail.com	{ALU}	F	AGUILAR
53	pbkdf2_sha256$390000$XXI3ToubjHtW83eatcreKE$YuYMwmVkqNiI9G18cMdNRSRnkbKf76rCzcqbSEwTLzU=	\N	f	RODRIGO	GARCIA	f	t	2026-03-30 21:21:51.870024+00	2203025158		rodrigo.garcia@cua.uam.mx	rodrigo.garcia@mail.com	{ALU}	M	NUÑEZ
54	pbkdf2_sha256$390000$7rqMDCLlsANh5Sk7G6285t$yxHccFD9qybvdVia1pJUGxdYZ45HzoYi6brVLVA7VdY=	\N	f	LUIS ENRIQUE	GARCIA	f	t	2026-03-30 21:21:52.10474+00	2183087927		luis.garcia@cua.uam.mx	luis.garcia@mail.com	{ALU}	M	ROSALES
55	pbkdf2_sha256$390000$fRH7OrDVRL2KiFFYAneIif$DQlttITTftRiRFdDMS4nJdevvggPF5e1Nk2uZUecC1w=	\N	f	IVAN	GARRIDO	f	t	2026-03-30 21:21:52.534699+00	2203025425		ivan.garrido@cua.uam.mx	ivan.garrido@mail.com	{ALU}	M	VELAZQUEZ
56	pbkdf2_sha256$390000$smRD7rN7STan6CFqsDdAL7$JUe3rAWzwd6Jsyxc05ixKN6DfSlbfrWEDhsh1meKnno=	\N	f	BRYAN ALEXANDER	GOMEZ	f	t	2026-03-30 21:21:52.841215+00	2193076909		bryan.gomez@cua.uam.mx	bryan.gomez@mail.com	{ALU}	M	MIRANDA
57	pbkdf2_sha256$390000$lXFEpujUXuRFumRyjIaSCZ$mE4DZq8iZAAwBxru+nvlihzlaf6vrxeavK0zSk1EkgE=	\N	f	CAROLINA	GONZALEZ	f	t	2026-03-30 21:21:53.159824+00	2243031167		carolina.gonzalez@cua.uam.mx	carolina.gonzalez@mail.com	{ALU}	F	MAURO
58	pbkdf2_sha256$390000$Z5otz11m2IABH28k5WmeIW$W8HYKvXHYU+Xy9tto1auw223gwYdTpmqNuWDaYRN5PU=	\N	f	KARLA	GONZALEZ	f	t	2026-03-30 21:21:53.583183+00	2153031846		karla.gonzalez@cua.uam.mx	karla.gonzalez@mail.com	{ALU}	F	REYES
59	pbkdf2_sha256$390000$LVWFZoUvntk5S33OEG7IG5$+LtXsJKaJIooqUMeDW9AoZkuT6QK1uKN6sjxvp19cTs=	\N	f	LUIS ENRIQUE	HERNANDEZ	f	t	2026-03-30 21:21:53.899195+00	2153068030		luis.hernandez@cua.uam.mx	luis.hernandez@mail.com	{ALU}	M	HERNANDEZ
60	pbkdf2_sha256$390000$z4nAMVoou4XOwHz2DW7Gno$uMttR1ktlVqAh7c+yFDtfsxAmdKfZ4MpgCUuUb1iJSU=	\N	f	JESUS EMILIANO	HERRERA	f	t	2026-03-30 21:21:54.256+00	2233031495		jesus.herrera@cua.uam.mx	jesus.herrera@mail.com	{ALU}	M	HERRERA
61	pbkdf2_sha256$390000$miOTf39ikUnaOIpaRF1lmb$6RVIEbn5z+xH4U0gVBlIxxsWKgojbuzfigFWnX3p3iE=	\N	f	JONATHAN ALEJANDRO	IBAÑEZ	f	t	2026-03-30 21:21:54.523576+00	2213026738		jonathan.ibanez@cua.uam.mx	jonathan.ibanez@mail.com	{ALU}	M	AGUILAR
62	pbkdf2_sha256$390000$b4UfhslUUx0J4Q5AmMnG0s$azdgqT29VOKboxiztEKGxmU+bjF1erLm0PhobZLy+GA=	\N	f	JORGE FRANCISCO	JIMENEZ	f	t	2026-03-30 21:21:54.841721+00	2193076945		jorge.jimenez@cua.uam.mx	jorge.jimenez@mail.com	{ALU}	M	BARRERA
63	pbkdf2_sha256$390000$OSvfSxfqb4kjGpUxZJnLhO$askOOQuho4pvcnNlyfV2CvdFll3jTIo0NrjoutTqMnY=	\N	f	YAEL	JIMENEZ	f	t	2026-03-30 21:21:55.34397+00	2203025238		yael.jimenez@cua.uam.mx	yael.jimenez@mail.com	{ALU}	M	RODRIGUEZ
64	pbkdf2_sha256$390000$1xIe37rUKDr1T1sO4zQ5gN$uYZ6W6mhm/p+DwP1DHx9h9rAVo7NT5vb/zBAggq8XNQ=	\N	f	MIGUEL ANGEL	JIMENEZ	f	t	2026-03-30 21:21:55.688919+00	2203066846		miguel.jimenez@cua.uam.mx	miguel.jimenez@mail.com	{ALU}	M	SALAZAR
65	pbkdf2_sha256$390000$HBVvR7zfBTDQX7upgEIM03$SE+KgxHS4iCSrVTVFiDuA/jxiDSgZ7jp2xFwGsTZXB8=	\N	f	EMILIANO RODRIGO	JUAREZ	f	t	2026-03-30 21:21:56.03403+00	2223068668		emiliano.juarez@cua.uam.mx	emiliano.juarez@mail.com	{ALU}	M	ALDANA
66	pbkdf2_sha256$390000$8s0lmyzoEkbq8KOfEgB4qi$d+PRJWQ5GbgJiUIkhYPnYdVpmZdwJgIBrMO5q+bexmQ=	\N	f	EDWIN JOSUE	JUAREZ	f	t	2026-03-30 21:21:56.434389+00	2223068604		edwin.juarez@cua.uam.mx	edwin.juarez@mail.com	{ALU}	M	CRUZ
67	pbkdf2_sha256$390000$hcCbmI2pRCN6iROIoO5Yz2$VMwV33eyT52DUn3y4lFw56lbAa1XZGEYzeSL08/ZMNY=	\N	f	AXEL	JUAREZ	f	t	2026-03-30 21:21:57.062017+00	2223068631		axel.juarez@cua.uam.mx	axel.juarez@mail.com	{ALU}	M	LOPEZ
68	pbkdf2_sha256$390000$ajnt4EESSJmZZnv4ElbIAC$ED7K0z1KOcvltVJffOYSvLcOTGdHYEvSCnN+bT1W+UE=	\N	f	KARLA VALERIA	LEGORRETA	f	t	2026-03-30 21:21:57.296196+00	2223028511		karla.legorreta@cua.uam.mx	karla.legorreta@mail.com	{ALU}	F	FLORES
69	pbkdf2_sha256$390000$bpx4Sds2odutgYbaIyvutn$EMIABzk3TKOfKJH2ikCC/+4FG9GJe8Ua8ykmL6LffzQ=	\N	f	LUIS ROBERTO	LEZAMA	f	t	2026-03-30 21:21:57.557208+00	2203025149		luis.lezama@cua.uam.mx	luis.lezama@mail.com	{ALU}	M	ROCHA
70	pbkdf2_sha256$390000$HfZ0afVvtfzJGl3hh5ovkw$DVTQtI1geosc3cEXL/g1d8ay3uxnQN2pWbhg1umxAAQ=	\N	f	JOSE EDUARDO	LOPEZ	f	t	2026-03-30 21:21:57.84146+00	2253032087		jose.lopez2@cua.uam.mx	jose.lopez2@mail.com	{ALU}	M	JASSO
71	pbkdf2_sha256$390000$Hhr1mVylQeD9DpKyHxNGGT$KlqvTTNZCMDkD1H3VNfGci4rcQ1EO64WRdOlEE1eY6A=	\N	f	JOSE EDUARDO	LOPEZ	f	t	2026-03-30 21:21:58.367777+00	2213026701		jose.lopez@cua.uam.mx	jose.lopez@mail.com	{ALU}	M	MENDOZA
72	pbkdf2_sha256$390000$bFCgNKNt2jEFXEgBQOHkFg$lwjSAURfTq2PjpTwBdRa765Vk+6Eo2G58nsqHFGb42k=	\N	f	STEPHEN	LUNA	f	t	2026-03-30 21:21:58.750451+00	2203066748		stephen.luna@cua.uam.mx	stephen.luna@mail.com	{ALU}	M	RAMIREZ
73	pbkdf2_sha256$390000$hKe0i2WKBP021PG0UgfX5Z$4BDGDUfUP8/MWCGlybo3rw1+Xw2l+6cY4o9vTwUDMJs=	\N	f	JASON ADRIEL	MALDONADO	f	t	2026-03-30 21:21:59.162462+00	2193076963		jason.maldonado@cua.uam.mx	jason.maldonado@mail.com	{ALU}	M	ARAIZA
74	pbkdf2_sha256$390000$Fo2JHRq2QYoHBNeVzcdQwA$uJdc/kLooR7BJcZCzaLWtcNwp/CiW7TMX2uRvRbAoiM=	\N	f	ANGEL ALEJANDRO	MARCIAL	f	t	2026-03-30 21:21:59.648857+00	2203066659		angel.marcial@cua.uam.mx	angel.marcial@mail.com	{ALU}	M	PEREZ DEL RIO
75	pbkdf2_sha256$390000$CH8ToQCdlNhStIoilTZZeq$FPsGMwKmoVfT0EhxOGMUFFePX6Yfa4nS2ikC0H1mK8o=	\N	f	CARLOS ALBERTO	MARTINEZ	f	t	2026-03-30 21:22:00.081077+00	2223028351		carlos.martinez@cua.uam.mx	carlos.martinez@mail.com	{ALU}	M	AREVALO
76	pbkdf2_sha256$390000$ZWMTET09hQZYbppIUMawN8$+zon/fLXHTMJuNNDVuUGM4dGg89sE4uo+hwqvsyHbOE=	\N	f	SANTIAGO DE JESUS	MARTINEZ	f	t	2026-03-30 21:22:00.503661+00	2233031511		santiago.martinez@cua.uam.mx	santiago.martinez@mail.com	{ALU}	M	GARCIA
77	pbkdf2_sha256$390000$V1MKmx5PVOTyWK9tS2vBpj$GQuide2X+21Bpp8+606HZjYCFomRJhp3IhX7Jy1Z7Jg=	\N	f	LUIS ANGEL	MARTINEZ	f	t	2026-03-30 21:22:00.885123+00	2252040469		luis.martinez@cua.uam.mx	luis.martinez@mail.com	{ALU}	M	MARTINEZ
78	pbkdf2_sha256$390000$rDzmhn1vJ5oiPlSKMa5DUo$dcmkNFoztytwhCLreW/RXg0jO20Z5ykQHN4ZEJOv8F4=	\N	f	YAHIR ANDRE	MEDINA	f	t	2026-03-30 21:22:01.176909+00	2203025032		yahir.medina@cua.uam.mx	yahir.medina@mail.com	{ALU}	M	GONZALEZ
79	pbkdf2_sha256$390000$5Oa01SmT2a1G0ZoNgYxMWH$uWOGYDsGvAL3dFhGuQYtyU++ox8amhxTrE8Dd/T5V+k=	\N	f	AXEL ANDRE	MEDRANO	f	t	2026-03-30 21:22:01.429303+00	2223028520		axel.medrano@cua.uam.mx	axel.medrano@mail.com	{ALU}	M	CANO
80	pbkdf2_sha256$390000$CPK2zqn04EqLtiJHo0yEWu$0cBtqzgSuISNLxIRXigKgjy31iq9fXQ1nerGXoseCUQ=	\N	f	EMILIA VALENTINA	MORALES	f	t	2026-03-30 21:22:01.725373+00	2223027603		emilia.morales@cua.uam.mx	emilia.morales@mail.com	{ALU}	F	SOLIS
81	pbkdf2_sha256$390000$vx4YPqOojqtmyr5dFu0uq1$lQhSMV4ZtvbM3cOqTE/guNCfB48vyZNcGLP+ZSN06Ls=	\N	f	IRVING	NAVA	f	t	2026-03-30 21:22:02.10241+00	2203066524		irving.nava@cua.uam.mx	irving.nava@mail.com	{ALU}	M	REYES
82	pbkdf2_sha256$390000$K8jhXqySJDPHAdt83ACoLZ$7SuXbC4iavY5LJTaMOZy4HXM/yXcWPc8Z0KEs7KTlR8=	\N	f	MANUEL	PEREZ	f	t	2026-03-30 21:22:02.365445+00	2203066515		manuel.perez@cua.uam.mx	manuel.perez@mail.com	{ALU}	M	ROSAS
83	pbkdf2_sha256$390000$fwerQ7hP0mZr8Aso6sNkU7$KyarEfep4Mmw4E2syF7mgOH0kTnENPAa+cAJROAuUSE=	\N	f	FAVIO ORLANDO	QUEZADA	f	t	2026-03-30 21:22:02.640072+00	2253032096		favio.quezada@cua.uam.mx	favio.quezada@mail.com	{ALU}	M	MOCTEZUMA
84	pbkdf2_sha256$390000$Fc7tqVymv7XYCQ2mu7wlp8$uy8Fgau30coHDrGrZ+oFNg4bba1NxL+2QED/yxnaD7w=	\N	f	MARIANA	RANGEL	f	t	2026-03-30 21:22:02.987959+00	2213026676		mariana.rangel@cua.uam.mx	mariana.rangel@mail.com	{ALU}	F	ANGELES
85	pbkdf2_sha256$390000$ktQ9hC6JBQQjMH4jgp1wwi$bHZsO2EJO2y4UTGlKAVSD1sohmpr0lipKQnRuqgXzkA=	\N	f	BRAULIO	REA	f	t	2026-03-30 21:22:03.417925+00	2252040692		braulio.rea@cua.uam.mx	braulio.rea@mail.com	{ALU}	M	AYALA
86	pbkdf2_sha256$390000$nieI9gDn6tPklw1Rkkogcy$ii7uBVZLpf7vX8CbaKlRa+ImNmaTt1yHJ3K04G0l7XQ=	\N	f	ALBERTO	RESENDIZ	f	t	2026-03-30 21:22:03.700075+00	2203025014		alberto.resendiz@cua.uam.mx	alberto.resendiz@mail.com	{ALU}	M	GARCIA
87	pbkdf2_sha256$390000$XYsPYq06qMDHUZZNW6XlI1$u0NaS4LdUhQHC3hsPMtbbou9vedthI7Bg+hSWNgYSz8=	\N	f	DIEGO	REYES	f	t	2026-03-30 21:22:04.075331+00	2213026667		diego.reyes@cua.uam.mx	diego.reyes@mail.com	{ALU}	M	BLANCAS
88	pbkdf2_sha256$390000$7fE5AZY2S5Asrc54sCA3R8$9MUjE41HlLrPZfUj4QfYMk5jOfghcx5x5NgliysKFcQ=	\N	f	ADRIAN	REYES	f	t	2026-03-30 21:22:04.505074+00	2143030319		adrian.reyes@cua.uam.mx	adrian.reyes@mail.com	{ALU}	M	TENORIO
89	pbkdf2_sha256$390000$xGKLgkJ00pC9QquMVQ7oxk$6EY8Np2Y/x+0LYrSbljIh6bxG3EFqseEevnHtEUq14w=	\N	f	GLORIA DEL CARMEN	RIVERA	f	t	2026-03-30 21:22:04.870261+00	2243076326		gloria.rivera@cua.uam.mx	gloria.rivera@mail.com	{ALU}	F	GRANDE
90	pbkdf2_sha256$390000$otUYEEIRQkEt9qYXP72juc$NiyTULpGl3jla28/3uFmUkMpTfVF+TKVarfi2H8yG1Y=	\N	f	LUIS ANTONIO	RIVERA	f	t	2026-03-30 21:22:05.289776+00	2163032131		luis.rivera@cua.uam.mx	luis.rivera@mail.com	{ALU}	M	MORELOS
91	pbkdf2_sha256$390000$mjm7gYJ46L9MtwfVcRE8OS$snX1bvltK9Pf3cfkR7/oxVeaRFvemPzwqhaUKOwuanA=	\N	f	DIANA PAULINA	SANCHEZ	f	t	2026-03-30 21:22:05.551316+00	2253032112		diana.sanchez@cua.uam.mx	diana.sanchez@mail.com	{ALU}	F	OVANDO
92	pbkdf2_sha256$390000$Z4SbEDKJeKpKRY10vL3qq1$kD2zoM+2000a6w0Xg1WLnmfrjqDaqOjscscz6UwT1E8=	\N	f	JORGE LUIS	SANTIAGO	f	t	2026-03-30 21:22:05.803524+00	2212032830		jorge.santiago@cua.uam.mx	jorge.santiago@mail.com	{ALU}	M	CANTO
93	pbkdf2_sha256$390000$p8RaBlmvQoifyaMqIxyvJk$eD+nMUydouOc6PThP+EvbZCvAfpVS4/IH/2aCa0FyUg=	\N	f	JOSE LUIS	SOTO	f	t	2026-03-30 21:22:06.133274+00	2243030311		jose.soto@cua.uam.mx	jose.soto@mail.com	{ALU}	M	MARTINEZ
94	pbkdf2_sha256$390000$zf84sms3RPmNZM4S2Wgqy7$levXQvDMog9bwnHKn9BJshqi80pu00LQ/SWTmfCOy4E=	\N	f	VICTOR ANDRE	SOTO	f	t	2026-03-30 21:22:06.535724+00	2213026461		victor.soto@cua.uam.mx	victor.soto@mail.com	{ALU}	M	SANCHEZ
95	pbkdf2_sha256$390000$ulibnNsuBUc7gFPrt1t63n$YhgNhVO26vqUtL8ZgLqrpCz1nkuqXNxchOhQ/+EUv9Q=	\N	f	MARIA FERNANDA	TORRES	f	t	2026-03-30 21:22:06.882203+00	2243700167		maria.torres@cua.uam.mx	maria.torres@mail.com	{ALU}	F	PEREZ
96	pbkdf2_sha256$390000$9qXuaBfyzIzGpGbUJ4MJuZ$XhJWS7E+AaE7Shx3U6i+SUUWJf622hykdNucis/6YG8=	\N	f	FERNANDO	VAZQUEZ	f	t	2026-03-30 21:22:07.166333+00	2183077270		fernando.vazquez@cua.uam.mx	fernando.vazquez@mail.com	{ALU}	M	MEDINA
97	pbkdf2_sha256$390000$PuV4kaScx5Qrg687UsBYML$A2lhr37EAdv2eQEZ6Ukq+TSm/xdEjoqY+mS/pMaGPbc=	\N	f	DIEGO	VELAZQUEZ	f	t	2026-03-30 21:22:07.484213+00	2233031486		diego.velazquez@cua.uam.mx	diego.velazquez@mail.com	{ALU}	M	RAMIREZ
98	pbkdf2_sha256$390000$eYuEAfelffO2Ka6lY2DhHl$2NH+pGtiu5YNQVloK9qYHUTxKJDm11Df7fKzGrrDggo=	\N	f	NATALIA	VICTORIA	f	t	2026-03-30 21:22:07.811903+00	2193034858		natalia.victoria@cua.uam.mx	natalia.victoria@mail.com	{ALU}	F	NAVA
99	pbkdf2_sha256$390000$TgbuLqROIMpYoERTuYoYgN$1s2vCp3ntyUxpSSX1bk/AcGMzNiklX0w7QvDdTdELIA=	\N	f	MIGUEL	ZEFERINO	f	t	2026-03-30 21:22:08.173007+00	2143030328		miguel.zeferino@cua.uam.mx	miguel.zeferino@mail.com	{ALU}	M	LOPEZ
100	pbkdf2_sha256$390000$B0MiR9ZGcsFuDCTQFxvvB1$8uA0S4p1q7m7vKGkozvQUZDO7ACkgNu9beUpA/b0j3Y=	\N	f	CASANDRA	ZETINA	f	t	2026-03-30 21:22:08.498664+00	2203066471		casandra.zetina@cua.uam.mx	casandra.zetina@mail.com	{ALU}	F	RODRIGUEZ
101	pbkdf2_sha256$390000$IdvPAaLYtigwbv2NFYt74d$yj6CgALIjdkIN1zrcLZqr75WRKeylBmEBhBhE0gQ6x4=	\N	f	ALEJANDRO	ALVAREZ	f	t	2026-03-30 21:22:08.818281+00	2253073426		alejandro.alvarez@cua.uam.mx	alejandro.alvarez@mail.com	{ALU}	M	LUJAN
102	pbkdf2_sha256$390000$9V7yy0JjIEl3hI5FSCRVAo$27pGzuG2vagAi/gRdmpp6P7FdkA5p74z/vQpOJvKlLc=	\N	f	LUIS ANGEL	BALDOMERO	f	t	2026-03-30 21:22:09.263364+00	2233071453		luis.baldomero@cua.uam.mx	luis.baldomero@mail.com	{ALU}	M	FUENTES
103	pbkdf2_sha256$390000$Pi5oZtDnMUXkgsSDd1gUqh$bCLNSu8yHWuvWFkOcO7d9HoSIGnEPlmFLLddnSp63b4=	\N	f	KEIDA FERNANDA	CRUZ	f	t	2026-03-30 21:22:09.621615+00	2223068739		keida.cruz@cua.uam.mx	keida.cruz@mail.com	{ALU}	F	BAUTISTA
104	pbkdf2_sha256$390000$9BfkHA7oSxXtv3EA19dvu5$1ztzbUrGJUIvXDeA9RjBH1fo7nm8TrLWch2XQ1T+eMs=	\N	f	ZAIDA AILING	CRUZ	f	t	2026-03-30 21:22:09.951334+00	2233071426		zaida.cruz@cua.uam.mx	zaida.cruz@mail.com	{ALU}	F	MARQUEZ
105	pbkdf2_sha256$390000$Ia3Twli5KLRGgdnFXYiEmi$3IAdhCyO6efO8KxdXAMK9ilPfkglIe5jO8J2dF0WIOE=	\N	f	ALAN	CRUZ	f	t	2026-03-30 21:22:10.483368+00	2223068622		alan.cruz@cua.uam.mx	alan.cruz@mail.com	{ALU}	M	MARTINEZ
106	pbkdf2_sha256$390000$EBZ61uOUpld1Sk8BopWdAO$UdnDkwpU4AFI2kPT5KNYlDwSxPj7GyHZb1TkALhWGXA=	\N	f	DANTE ISSAC	DANIEL	f	t	2026-03-30 21:22:10.846737+00	2223068524		dante.daniel@cua.uam.mx	dante.daniel@mail.com	{ALU}	M	BARRON
107	pbkdf2_sha256$390000$wLASkunlFtH09ExMvW4Zbt$8qICu3G5AeGy7tT+iV0uwek/KgfTE1wW+BK+4DpH0hM=	\N	f	RODRIGO	DOMINGUEZ	f	t	2026-03-30 21:22:11.250133+00	2223028413		rodrigo.dominguez@cua.uam.mx	rodrigo.dominguez@mail.com	{ALU}	M	TORRES
108	pbkdf2_sha256$390000$SfFjhQI2cE5rDp5vtgDCWT$4jhbk+4nOsHkESsEsYS5jELBCFvMKWqvq9n9/OKsVMU=	\N	f	FRANCISCO JAVIER	HERMENEGILDO	f	t	2026-03-30 21:22:11.657132+00	2233031057		francisco.hermenegildo@cua.uam.mx	francisco.hermenegildo@mail.com	{ALU}	M	COHETE
109	pbkdf2_sha256$390000$HxTXxaGgj3veRISuevbjOv$HA5LtHj///9AyLmctTA3JUykFmwCiIuQELz0/tw08FU=	\N	f	JAVIER	HERNANDEZ	f	t	2026-03-30 21:22:11.961007+00	2233077400		javier.hernandez@cua.uam.mx	javier.hernandez@mail.com	{ALU}	M	CORONA
110	pbkdf2_sha256$390000$RTgwV9l7yvOJNyBxeTactf$7wnVymtTQ6GBvtnSWC/FUmnlGkDLfGwOEiW/i9mfEI8=	\N	f	ESTRELLA MARLEN	JIMENEZ	f	t	2026-03-30 21:22:12.283546+00	2243076077		estrella.jimenez@cua.uam.mx	estrella.jimenez@mail.com	{ALU}	F	LUNA
111	pbkdf2_sha256$390000$XAuztzfjs15VllEgeXP4od$cXsi84+fvZgIYIggHWL2cYxdbCWjnN5y8NMvp02UVLM=	\N	f	SANTIAGO	JUAREZ	f	t	2026-03-30 21:22:12.610081+00	2233071122		santiago.juarez@cua.uam.mx	santiago.juarez@mail.com	{ALU}	M	RAMOS
112	pbkdf2_sha256$390000$FklET9BK73L0Z2n19YyC9j$bx3YcyJWZM2gcKkuChlyfQ7RmXXJHjDUtXq25YuVCyc=	\N	f	JULIO ALEJANDRO	MORALES	f	t	2026-03-30 21:22:12.940347+00	2213064587		julio.morales@cua.uam.mx	julio.morales@mail.com	{ALU}	M	GARCIA
113	pbkdf2_sha256$390000$iTIgL98B01aHxGF5pOrTvg$DAtUnmLTnauxhSxI14L6XkS7udRcYHN+XIMd4luEsPw=	\N	f	LUIS MARIO	NILA	f	t	2026-03-30 21:22:13.322469+00	2242041301		luis.nila@cua.uam.mx	luis.nila@mail.com	{ALU}	M	DEL CARMEN
114	pbkdf2_sha256$390000$ji7KBeUasehmluVNEvmOOe$b/dm2Sv7U9Z9NzTcPLOiKC07n2kYllWr4nFbQIgBYL4=	\N	f	KARLA ESTELA	OLALDE	f	t	2026-03-30 21:22:13.802808+00	2253073355		karla.olalde@cua.uam.mx	karla.olalde@mail.com	{ALU}	F	GUEVARA
115	pbkdf2_sha256$390000$T7rjJVirhjG9R80ICaOist$wUpZlFIYq+UMkMiB5UTd/cciC01/aCUtEFQGoJ600QM=	\N	f	JOSE LUIS	OLVERA	f	t	2026-03-30 21:22:14.145085+00	2242041525		jose.olvera@cua.uam.mx	jose.olvera@mail.com	{ALU}	M	CRUZ
116	pbkdf2_sha256$390000$AFN6hnJj5R1iFO57QznVsO$f42D1PaUSDHoV9htC6sjM1WF57RW9U/zGmmCyYtM1iI=	\N	f	BRYAN	PUGA	f	t	2026-03-30 21:22:14.481825+00	2233077384		bryan.puga@cua.uam.mx	bryan.puga@mail.com	{ALU}	M	DE LA CRUZ
117	pbkdf2_sha256$390000$9S2b4tDzmusxx5KDFZVddl$3bFEfP7eYx6AX5m3dwEmt55nYabsn48V6z/BIpDr1Do=	\N	f	ESTEFANY	RAMIREZ	f	t	2026-03-30 21:22:14.717937+00	2242041472		estefany.ramirez@cua.uam.mx	estefany.ramirez@mail.com	{ALU}	F	CALLEJA
118	pbkdf2_sha256$390000$TCl5EyIJQNA0AM2ndcVXqg$5cOaC2CBEmv/XvEjXcm/VHlw/CZRSCL5dBlwbxE+T/8=	\N	f	CARLOS IVAN	RAMOS	f	t	2026-03-30 21:22:15.013681+00	2242041481		carlos.ramos@cua.uam.mx	carlos.ramos@mail.com	{ALU}	M	LAGUNA
119	pbkdf2_sha256$390000$PvDPK5tx4a9YOUtuAq8JZc$xQa1vyVZTG0a1iPOMkkxd9lavFEMdHFLoW7iBR9qxbE=	\N	f	JOSE CARLOS	RUIZ	f	t	2026-03-30 21:22:15.332144+00	2252040647		jose.ruiz@cua.uam.mx	jose.ruiz@mail.com	{ALU}	M	GONZALEZ
120	pbkdf2_sha256$390000$Jll5B5NIYambPQfQjGkb1P$k3e570BWUdTzlE396waVte6zDq7KSKFbHDLZKB+vVxE=	\N	f	JEAN ALBERIC EDUARDO	SALAS	f	t	2026-03-30 21:22:15.732726+00	2253073382		jean.salas@cua.uam.mx	jean.salas@mail.com	{ALU}	M	SANCHEZ
121	pbkdf2_sha256$390000$bt07G9pZciy6o8QaePv4rI$Wa+uffIlGrvwb0/Hqd+AGS+iuEnR69xxobMBIGXd808=	\N	f	DANIEL EMILIANO	SALDAÑA	f	t	2026-03-30 21:22:16.026871+00	2203025443		daniel.saldana@cua.uam.mx	daniel.saldana@mail.com	{ALU}	M	GUERRERO
122	pbkdf2_sha256$390000$u1Ht089huEm7jBhNjNheB5$sH6nblKEUmFm/IMVn4AkElhJMuc8TOv8lkEzUGsRHeg=	\N	f	JOSE ANTONIO	SALGADO	f	t	2026-03-30 21:22:16.346202+00	2252040334		jose.salgado@cua.uam.mx	jose.salgado@mail.com	{ALU}	M	ALCANTAR
123	pbkdf2_sha256$390000$JqRo7Sdk1xqf2od6VkJm6z$trJFfb61Od6OVqOAzKMIMCgS9flbJg7yzaiJPB8PRcY=	\N	f	NOE EMANUEL	SALGADO	f	t	2026-03-30 21:22:16.748681+00	2252040521		noe.salgado@cua.uam.mx	noe.salgado@mail.com	{ALU}	M	VICTORIA
124	pbkdf2_sha256$390000$28ja8ZXEih5pjjecH4DRzC$5LUKUqbm/LSNQs8Ha0Ga0m/8XplxF2WZLzaQzERLQpg=	\N	f	SAMUEL	SANTIAGO	f	t	2026-03-30 21:22:17.061147+00	2253073346		samuel.santiago@cua.uam.mx	samuel.santiago@mail.com	{ALU}	M	ALBINO
125	pbkdf2_sha256$390000$m3kjrDo1S242PWt3vS7khX$JXvDR1djXGB2ujhD/SvFID+AjIa+Iu022R8aIlg4jP4=	\N	f	SANTIAGO	SAUCEDO	f	t	2026-03-30 21:22:17.335626+00	2233071435		santiago.saucedo@cua.uam.mx	santiago.saucedo@mail.com	{ALU}	M	MENDOZA
126	pbkdf2_sha256$390000$eT3qOXUnHNBox2uXT0KjxP$mqLhUcWh4Dj1FnBZ2CUTnbJ++G3BQU+oy4YH9bJ5+90=	\N	f	DIEGO JOVANI	VAZQUEZ	f	t	2026-03-30 21:22:17.678766+00	2233071444		diego.vazquez@cua.uam.mx	diego.vazquez@mail.com	{ALU}	M	HERNANDEZ
127	pbkdf2_sha256$390000$mo89BMhB33UBgEExSeKmTF$rNmynvkP8G9es7mKtautT0CRSvLlH/FW+KlzrWnUmOc=	\N	f	Jennifer	Islas	f	t	2026-04-17 23:53:33.305932+00	2183077645		jennifer.islas@cua.uam.mx	jennifer.islas@correo.com	{ALU}	F	Flores
128	pbkdf2_sha256$390000$l4cDK6n7PlkKAgbsyJfEvH$Bgq9hZ5EwFl+KONQ+Ue65AjN0yeRyYRCoSq3+Jlezuk=	\N	f	Amanda Yael	Rodriguez	f	t	2026-04-17 23:53:33.583617+00	2193036165		amanda.rodriguez@cua.uam.mx	amanda.rodriguez@correo.com	{ALU}	F	Perez
129	pbkdf2_sha256$390000$EL58MIglMOto9vUXYbgM11$W/+2aULNDMbpR44LjPzoPevrteWi9Js18ujrc2E3blU=	\N	f	Silvia	Orduño	f	t	2026-04-17 23:53:33.871623+00	2193072447		silvia.orduno@cua.uam.mx	silvia.orduno@correo.com	{ALU}	F	Alarcon
130	pbkdf2_sha256$390000$ysZ70GR1AIRLGlweMOGven$K+qCsJA4G5FFPsZxyBQoNvfaYbVRVZZ1+Cw7RPrG/Gc=	\N	f	Vanessa	Arzate	f	t	2026-04-17 23:53:34.401826+00	2203025130		vanessa.arzate@cua.uam.mx	vanessa.arzate@correo.com	{ALU}	F	Osornio
131	pbkdf2_sha256$390000$FAtKaOc5XK1js0I48Kpbzz$+OWYAB7+Hw007JNZkLoEQ2wXziU7M2ERR4C3jzoJxOs=	\N	f	Victor Hugo	Reyes	f	t	2026-04-17 23:53:34.733302+00	2213026112		victor.reyes@cua.uam.mx	victor.reyes@correo.com	{ALU}	M	Fuentes
132	pbkdf2_sha256$390000$vdSVMDzwbGEm8RR00uoyqg$ioptmalJbuJpvTinBE7fEexmFd4OGeF8zuG2JK3GOKk=	\N	f	Azul Valentina	Vega	f	t	2026-04-17 23:53:34.987444+00	2213026452		azul.vega@cua.uam.mx	azul.vega@correo.com	{ALU}	F	Mena
133	pbkdf2_sha256$390000$sdrBawE3At1ScxLH1ZZCAn$hLtS81QS0E0F1vcaWZEA8dhQUmzqDTg2j+A1Kd4L5Q0=	\N	f	Luis Alberto	Flores	f	t	2026-04-17 23:53:35.245716+00	2213064274		luis.flores@cua.uam.mx	luis.flores@correo.com	{ALU}	M	Benitez
134	pbkdf2_sha256$390000$WmnwNq6velXSbQMS8pl3yN$OjTIpXQlwu2TuFxzQCn39kPrXe3C3pVxsiyiiVWFzYo=	\N	f	Nadia Guadalupe	Vasquez	f	t	2026-04-17 23:53:35.48623+00	2213064390		nadia.vasquez@cua.uam.mx	nadia.vasquez@correo.com	{ALU}	F	Martinez
135	pbkdf2_sha256$390000$6aocUfqJFCKVm7SiIcvcsN$VMV7UDJqzQlz7PFNSlD3rId0nRImccOMthtZ0p9SZHM=	\N	f	Diana Patricia	Perez	f	t	2026-04-17 23:53:35.825394+00	2213065208		diana.perez@cua.uam.mx	diana.perez@correo.com	{ALU}	F	Perez
136	pbkdf2_sha256$390000$RhfdymwdQhfPF8zbbjvjYk$oSyy/6CNbmocISSVAuDoXR0MTkX0HrGavkFWBHVVtII=	\N	f	Romina	Barcena	f	t	2026-04-17 23:53:36.076228+00	2223028753		romina.barcena@cua.uam.mx	romina.barcena@correo.com	{ALU}	F	Morales
138	pbkdf2_sha256$390000$tENduTHbJ9BGvijjB5KxGH$NRrFbpbl6kTvSmRtdJsNRssbTAzhT/kzHjDasCipQdc=	\N	f	Nancy Valeria	Prado	f	t	2026-04-17 23:53:36.56508+00	2223068917		nancy.prado@cua.uam.mx	nancy.prado@correo.com	{ALU}	F	Martinez
139	pbkdf2_sha256$390000$DowWujIcR84sjlIWwP0iyp$Przs4meJfZtYhKwSstMM+yli+2/6ruXnzaW9wm7wMe0=	\N	f	Alan	Espinosa	f	t	2026-04-17 23:53:36.930489+00	2233031342		alan.espinosa@cua.uam.mx	alan.espinosa@correo.com	{ALU}	M	Arzaluz
140	pbkdf2_sha256$390000$Lhd2Ls0yG72zUrGQXS8Boo$WXR1XhdFaUub93dY/HaF4MpNbZgi6/lJQve6YJdffaw=	\N	f	Erick Axel	Ramirez	f	t	2026-04-17 23:53:37.225152+00	2233070974		erick.ramirez@cua.uam.mx	erick.ramirez@correo.com	{ALU}	M	Garcia
141	pbkdf2_sha256$390000$JjE6bGa8J5PbmFRxBwZCNU$hfGe2UHUPIVQtyAQ2rLhB7ILYLuk4K8cVc53+JlrD0Q=	\N	f	Alfonso Emanuel	Santillan	f	t	2026-04-17 23:53:37.467179+00	2233071024		alfonso.santillan@cua.uam.mx	alfonso.santillan@correo.com	{ALU}	M	Vazquez
142	pbkdf2_sha256$390000$uCOM1VD4XGnZ46T1oJkA4R$eKsxoxH+HnNkYEAJPtcrQzEqeAVkalwSI+q5n1h2ro0=	\N	f	Alejandra	Piñon	f	t	2026-04-17 23:53:37.742085+00	2243031318		alejandra.pinon@cua.uam.mx	alejandra.pinon@correo.com	{ALU}	F	Mejia
143	pbkdf2_sha256$390000$3yRI9AgmdYl4nCwuSNe6H0$Yz5u8uaK5is98xEbrnthWsGra9BkGyWno1vWk7ZfEwg=	\N	f	Jair	Gonzalez	f	t	2026-04-17 23:53:37.976913+00	2243031470		jair.gonzalez@cua.uam.mx	jair.gonzalez@correo.com	{ALU}	M	Peña
144	pbkdf2_sha256$390000$cnFSvcDbI2zL5qlRRWu7Nf$yUJEMzZiBTwmwOnf2HN7DnGF8DJfjSkS1nywWAtGWUM=	\N	f	Danna Ximena	Conrado	f	t	2026-04-17 23:53:38.255409+00	2253032176		danna.conrado@cua.uam.mx	danna.conrado@correo.com	{ALU}	F	Sanchez
145	pbkdf2_sha256$390000$kIECNzhA7f4zjWSwCzFUQD$DJy9/JlzgdosBWU2RaRfRjvFW7k1tOlXGxeLzED8vro=	\N	f	Camila Alejandra	Najera	f	t	2026-04-17 23:53:38.514158+00	2253073364		camila.najera@cua.uam.mx	camila.najera@correo.com	{ALU}	F	Rosales
146	pbkdf2_sha256$390000$OSJURmBUte6RJOOG0Dz8D5$GNdZCeixOwr7kqM7EphujSFmaEeZZqAOLT7tZ8topXg=	\N	f	Omar	Sanchez	f	t	2026-04-17 23:53:38.755978+00	2183034944		omar.sanchez@cua.uam.mx	omar.sanchez@correo.com	{ALU}	M	Mejia
147	pbkdf2_sha256$390000$2izVpIEew7i4qfcQiFbkM4$COIYOodciGDXxpwS8cAmbEvprz2twH1P8s9cxZS3r4w=	\N	f	Hector Francisco	Alcantara	f	t	2026-04-17 23:53:38.990401+00	2203024982		hector.alcantara@cua.uam.mx	hector.alcantara@correo.com	{ALU}	M	Garcia
148	pbkdf2_sha256$390000$pnjVee6H1jaTvulWjuByJD$2u+aSVguv6Fa1AXhnyazYq1uSSxl78F3etUxCx8XSR4=	\N	f	Omar Aldair	Hernandez	f	t	2026-04-17 23:53:39.257108+00	2213026372		omar.hernandez@cua.uam.mx	omar.hernandez@correo.com	{ALU}	M	Velasco
149	pbkdf2_sha256$390000$1lVufFR7lhjFpifTkfdwLn$G2Hj0iNvvqhn74YJW28Fxf/bmHzng4CctVdpRpZfsFA=	\N	f	Juan Tadeo	Cruz	f	t	2026-04-17 23:53:39.534571+00	2213064318		juan.cruz@cua.uam.mx	juan.cruz@correo.com	{ALU}	M	Aragon
150	pbkdf2_sha256$390000$ylqNNshPCfhpOCdDyEkp8S$Lbbvozb2ia7kYEXx53OffE2eiGBwamzy/K2SyhNUKcI=	\N	f	Ricardo Alejandro	Galvez	f	t	2026-04-17 23:53:39.810455+00	2223028404		ricardo.galvez@cua.uam.mx	ricardo.galvez@correo.com	{ALU}	M	Torres
151	pbkdf2_sha256$390000$vPdz6nSMVaAv2vIoQRFtz6$seayA4cVENVXkWREXjNakCXZvwPSoRSQhXL6rKE98LA=	\N	f	Ivan Mauricio	Ortega	f	t	2026-04-17 23:53:40.056428+00	2223028584		ivan.ortega@cua.uam.mx	ivan.ortega@correo.com	{ALU}	M	Ortiz
152	pbkdf2_sha256$390000$7RZPkfjp26WZWNfVbslJNt$W+exRUl4OywW0ewYHUSY8yTSBFrEKxC8ilCRh+aZpWs=	\N	f	Daniel	Olvera	f	t	2026-04-17 23:53:40.298237+00	2233031066		daniel.olvera@cua.uam.mx	daniel.olvera@correo.com	{ALU}	M	Rojas
153	pbkdf2_sha256$390000$Z9zx8harJpKHfGrQLbTGjY$UPwCqKIXhEyyMVpvnetu3bXSfYkf9ixkaD+r40dEdoQ=	\N	f	Maria Del Pilar	Camacho	f	t	2026-04-17 23:53:40.544572+00	2233071051		maria.camacho@cua.uam.mx	maria.camacho@correo.com	{ALU}	M	Arias
154	pbkdf2_sha256$390000$blLBjtuxlPUKOPHwGnLtPP$kqXv7YK+KZ9W9u63ZXX01Eaijrk9aG+PPfTHg+1I8Bs=	\N	f	Estefania	Rangel	f	t	2026-04-17 23:53:40.853292+00	2233071471		estefania.rangel@cua.uam.mx	estefania.rangel@correo.com	{ALU}	M	Escamilla
155	pbkdf2_sha256$390000$xxfkVv9LQ2vu6d9fKvLrkn$2bIDr2Pym0F14ut5pWj9M68cTGJ6moVqvC0HO4ok4Aw=	\N	f	Victor Emmanuel	Escobar	f	t	2026-04-17 23:53:41.100404+00	2243031461		victor.escobar@cua.uam.mx	victor.escobar@correo.com	{ALU}	M	Santos
156	pbkdf2_sha256$390000$hzguzFeseVUEVsuAm996zt$UPa/dzPRSA2jioswJN0knMXK8wz2IZ3gi4sg7ipgids=	\N	f	Franco Abraham	Obando	f	t	2026-04-17 23:53:41.332155+00	2243076004		franco.obando@cua.uam.mx	franco.obando@correo.com	{ALU}	M	Coronado
157	pbkdf2_sha256$390000$Pd1bgDvVP2NboenbnoKyxK$jBh1b8DV+iyCZLSa54iT04ZoV0xsbBs2pKAHvwjAv00=	\N	f	Jesus Adrian	Franco	f	t	2026-04-17 23:53:41.577641+00	2253073337		jesus.franco@cua.uam.mx	jesus.franco@correo.com	{ALU}	M	Eduardo
158	pbkdf2_sha256$390000$pUSBT5wsuQlHikY0I7f9WF$mum2LMLOL4hFYUhiwxZc/pTOuAzwgt+kMq0rCXWcmA4=	\N	f	Adriana Lizbeth	Marin	f	t	2026-04-17 23:53:41.823656+00	2253084107		adriana.marin@cua.uam.mx	adriana.marin@correo.com	{ALU}	M	Carrera
159	pbkdf2_sha256$390000$m4RDnDUCrAEsWp2SCbKfWA$Lm56CdL03l7zQp6mZLC6xjLXhgSdf2PfRQBSbr68j9w=	\N	f	Ivan Alejandro	Sanchez	f	t	2026-04-17 23:53:42.197279+00	2253084143		ivan.sanchez@cua.uam.mx	ivan.sanchez@correo.com	{ALU}	M	Nava
328	pbkdf2_sha256$390000$PVrBrseefOIsIcxQwoHGxk$KucrMstjfDymY79jWzpGAxsrT+kW9hmkPeP2VtJ1a4c=	\N	f	Francisco	Escobar	f	t	2026-06-24 12:39:47.599331+00	90001		francisco.escobar.t281@cua.uam.mx	francisco.escobar.t281@example.test	{TUT}	M	Hernández
329	pbkdf2_sha256$390000$zeFHbHlptfhlYW0Q1WG7Uw$nlRkk/T98AZ8gIS6zPFAEgbvUgzJSHmhGDFV2FKHnXU=	\N	f	Vanessa	Rangel	f	t	2026-06-24 12:39:47.900129+00	90002		vanessa.rangel.t282@cua.uam.mx	vanessa.rangel.t282@example.test	{TUT}	F	Ramírez
330	pbkdf2_sha256$390000$YzN3EEj54TF53CbkN7OXDs$PVizOmkFklBRgQjC2GsweHyTDFbvAHtA5wSlJXcP7d4=	\N	f	Iván	Jiménez	f	t	2026-06-24 12:39:48.215914+00	90003		ivan.jimenez.t283@cua.uam.mx	ivan.jimenez.t283@example.test	{TUT}	M	Vázquez
331	pbkdf2_sha256$390000$cMTlFadG5e4i3OVmi3lNBG$wD8BF+m5jXTdcI5aPQ060piTFClG8LZGgqL5NV/UVVk=	\N	f	Fernanda	Castillo	f	t	2026-06-24 12:39:48.511924+00	90004		fernanda.castillo.t284@cua.uam.mx	fernanda.castillo.t284@example.test	{TUT}	F	Escobar
332	pbkdf2_sha256$390000$wNe8UBNAnwSswNUP6WmePu$draFPCFz+cAxYs3ZKhyx4QVUwsjxzd+14VJlMMkrG24=	\N	f	Luis	Pérez	f	t	2026-06-24 12:39:48.758352+00	90005		luis.perez.t285@cua.uam.mx	luis.perez.t285@example.test	{TUT}	M	López
333	pbkdf2_sha256$390000$zHpt8PWvuzRQy8UzODrfLc$E2Jq/ZaLJ3zYqMSN1IB3NhAtncyu/s54rMqidu9+Me8=	\N	f	Rodrigo	Flores	f	t	2026-06-24 12:39:49.020121+00	8000000001		rodrigo.flores.t281@cua.uam.mx	rodrigo.flores.t281@example.test	{ALU}	M	Nava
334	pbkdf2_sha256$390000$rMNF7w6x0lXpaVe6rtHqCD$GHcI0fA5pE5eNMIEEw1u7gP1JsiuQ+A2u4Try0AaLGM=	\N	f	Nancy	Rivera	f	t	2026-06-24 12:39:49.23441+00	8000000002		nancy.rivera.t282@cua.uam.mx	nancy.rivera.t282@example.test	{ALU}	F	Jiménez
335	pbkdf2_sha256$390000$HMoJ0kPNvxVx8lfoWYRD0D$niZC0vnjKGUboVktj8k2O9QMWpj2Oji56AO5uIsfHsQ=	\N	f	Victor	Torres	f	t	2026-06-24 12:39:49.575067+00	8000000003		victor.torres.t283@cua.uam.mx	victor.torres.t283@example.test	{ALU}	M	Cortés
336	pbkdf2_sha256$390000$9RSKpUX558UztTZFJ93IiK$1abUDkBtuEltAiqJ2MvWVCunCGObVMDfl0IN7G3G/gk=	\N	f	Estefanía	González	f	t	2026-06-24 12:39:49.84164+00	8000000004		estefania.gonzalez.t284@cua.uam.mx	estefania.gonzalez.t284@example.test	{ALU}	F	Ramírez
337	pbkdf2_sha256$390000$zAqw6eMxyK5RWf3SMdxYxq$IWhK95GI8ZFZZUZ4MQCIPMfgJYWo34aOgRkCk++3t7U=	\N	f	Miguel	Castillo	f	t	2026-06-24 12:39:50.058596+00	8000000005		miguel.castillo.t285@cua.uam.mx	miguel.castillo.t285@example.test	{ALU}	M	Jiménez
338	pbkdf2_sha256$390000$v4WLMVWpBrfR0vo10WS95I$XYcTyYqQl5VEKcBqH7W3ozVvOqQNdWxMaYda97RgB7s=	\N	f	Romina	Cruz	f	t	2026-06-24 12:39:50.279711+00	8000000006		romina.cruz.t286@cua.uam.mx	romina.cruz.t286@example.test	{ALU}	F	Escobar
339	pbkdf2_sha256$390000$LEm4YSonxOU5Aa5TCMOPnU$NBF9nEMvp100U6WwpiFTBHzD2XFjHf+nokAjjYsPQEo=	\N	f	Fernando	López	f	t	2026-06-24 12:39:50.526905+00	8000000007		fernando.lopez.t287@cua.uam.mx	fernando.lopez.t287@example.test	{ALU}	M	Jiménez
340	pbkdf2_sha256$390000$5yiwY0Tskvl7EnsUn60Ddi$K4DuiqXVrue1D/a8bcXpfs5cLVIpR0bCmx6uBvm9E28=	\N	f	Sofía	Escobar	f	t	2026-06-24 12:39:50.814499+00	8000000008		sofia.escobar.t288@cua.uam.mx	sofia.escobar.t288@example.test	{ALU}	F	Castillo
341	pbkdf2_sha256$390000$K5ZjhLeMFOmeajvAfwxCLb$gGe1Pb9ap2p4UdFfcTMToDeKELYKQNUf1SC5c3HF/vM=	\N	f	Jorge	Morales	f	t	2026-06-24 12:39:51.070209+00	8000000009		jorge.morales.t289@cua.uam.mx	jorge.morales.t289@example.test	{ALU}	M	Vázquez
342	pbkdf2_sha256$390000$YuJRXD9Lqv59ZXBpANRcL1$30bK7Bd73FaboBmVnKQJP92QeM3V+xhwsX2oyDCa2B8=	\N	f	Daniela	Pérez	f	t	2026-06-24 12:39:51.36826+00	8000000010		daniela.perez.t2810@cua.uam.mx	daniela.perez.t2810@example.test	{ALU}	F	Torres
343	pbkdf2_sha256$390000$leUqJMyvBJ8stAAkRg6i4X$guoSciJ92UJglv1UfEzXVhxmdmXJRMaTv9PD35gp07Q=	\N	f	Fernando	López	f	t	2026-06-24 12:39:51.585592+00	8000000011		fernando.lopez.t2811@cua.uam.mx	fernando.lopez.t2811@example.test	{ALU}	M	Nava
344	pbkdf2_sha256$390000$l3gL4JZLvbIsm1tVlfhrHO$18c9lEWaT+AGHNpVf/BzG2QbsnUI6XiCcuf1Txv5yLQ=	\N	f	Camila	Escobar	f	t	2026-06-24 12:39:51.855157+00	8000000012		camila.escobar.t2812@cua.uam.mx	camila.escobar.t2812@example.test	{ALU}	F	Martínez
345	pbkdf2_sha256$390000$FEaFDHIVjLwpvNrkXe6zKq$RWCP3MqcraoF6VzQLG5FaupkIj6kwD5VePsgZJEDxBo=	\N	f	Leonardo	Martínez	f	t	2026-06-24 12:39:52.248155+00	8000000013		leonardo.martinez.t2813@cua.uam.mx	leonardo.martinez.t2813@example.test	{ALU}	M	Sánchez
346	pbkdf2_sha256$390000$lfekQOi1oe7fZlm0yiQvcb$viR5I8HpNRaNyGF7gdNjwNJT5eydzeM6DKmhV879th8=	\N	f	Karla	García	f	t	2026-06-24 12:39:52.528635+00	8000000014		karla.garcia.t2814@cua.uam.mx	karla.garcia.t2814@example.test	{ALU}	F	Vázquez
347	pbkdf2_sha256$390000$XZdrQDnZj1jbKWMlDJqUxZ$2l0pIsZxwtKpuUA2Nwg53L5aISZb+9sKJ1ijKX5TgOc=	\N	f	Santiago	Rodríguez	f	t	2026-06-24 12:39:52.770601+00	8000000015		santiago.rodriguez.t2815@cua.uam.mx	santiago.rodriguez.t2815@example.test	{ALU}	M	Nava
348	pbkdf2_sha256$390000$v39R5a7IdvKiezZykIYICV$eCBkaas3WkkfZpVIwQ60qAvAU6mylgbjtW55gpeHO+E=	\N	f	Mónica	López	f	t	2026-06-24 12:39:53.073322+00	8000000016		monica.lopez.t2816@cua.uam.mx	monica.lopez.t2816@example.test	{ALU}	F	Jiménez
349	pbkdf2_sha256$390000$ZwtscwihGgSGYdVqdohGmH$vBhRi9wgm/xDp5GG5njGkabVtWuAKXOUT5BYsN+R+VI=	\N	f	Raúl	Castillo	f	t	2026-06-24 12:39:53.401512+00	8000000017		raul.castillo.t2817@cua.uam.mx	raul.castillo.t2817@example.test	{ALU}	M	Ramírez
350	pbkdf2_sha256$390000$Ii6UVzNyxeDG9vvaUWY4dw$igSsaa2vkpLsxXec1bcWweTv+jhvykvgJrE2ghM4a+U=	\N	f	Daniela	López	f	t	2026-06-24 12:39:53.623952+00	8000000018		daniela.lopez.t2818@cua.uam.mx	daniela.lopez.t2818@example.test	{ALU}	F	Flores
351	pbkdf2_sha256$390000$K5Nw0yZec4iBnTuApXJHyx$B455+Z4ponYxsDPidT+4psFqEGqK7RtKQahTtwyYahw=	\N	f	Miguel	Sánchez	f	t	2026-06-24 12:39:53.936328+00	8000000019		miguel.sanchez.t2819@cua.uam.mx	miguel.sanchez.t2819@example.test	{ALU}	M	Martínez
352	pbkdf2_sha256$390000$vmAuMtP0pFGl5W8wu7sUIn$epyiAm8j7tFjRroizLVQllYOMKACqzltcIGraL0IJ6g=	\N	f	Fernanda	Aguilar	f	t	2026-06-24 12:39:54.19661+00	8000000020		fernanda.aguilar.t2820@cua.uam.mx	fernanda.aguilar.t2820@example.test	{ALU}	F	Hernández
353	pbkdf2_sha256$390000$MFfn04Uv2BD9ZOYtslAAnE$pGM3k2UvqAk+yrJ0ZypSs9VZhAMXr+DpOIDnUOdaSJk=	\N	f	Francisco	Martínez	f	t	2026-06-24 12:39:54.57615+00	8000000021		francisco.martinez.t2821@cua.uam.mx	francisco.martinez.t2821@example.test	{ALU}	M	Cortés
354	pbkdf2_sha256$390000$1SwRn7uCFZRFm0L4J2xCiN$RFpch9yVahqOPlpogQkiJ5mOnIYByF4HVbO+oPqAlec=	\N	f	Nancy	Reyes	f	t	2026-06-24 12:39:54.991282+00	8000000022		nancy.reyes.t2822@cua.uam.mx	nancy.reyes.t2822@example.test	{ALU}	F	Escobar
355	pbkdf2_sha256$390000$6diPGO4TvVaxdop6aM0QPZ$iSx8e6ypDjnFHhb86k91MS5fWK0t5RQvwf117GhqXkg=	\N	f	Emiliano	Castillo	f	t	2026-06-24 12:39:55.328337+00	8000000023		emiliano.castillo.t2823@cua.uam.mx	emiliano.castillo.t2823@example.test	{ALU}	M	Martínez
356	pbkdf2_sha256$390000$bRTV7Fqcv4vvUkAEBWdngo$b3+KjjvffqPp2o7BM7rGAqOii1S49vu8gUe9V0OWbF4=	\N	f	Camila	Rodríguez	f	t	2026-06-24 12:39:55.577783+00	8000000024		camila.rodriguez.t2824@cua.uam.mx	camila.rodriguez.t2824@example.test	{ALU}	F	Morales
357	pbkdf2_sha256$390000$A3v9WJqpRXHtqzenUVfIo1$T50lhp5xBa3mYEhcVhwHCvoxQN+1hDrwb3cSnrLfsCo=	\N	f	Rodrigo	Pérez	f	t	2026-06-24 12:39:55.830721+00	8000000025		rodrigo.perez.t2825@cua.uam.mx	rodrigo.perez.t2825@example.test	{ALU}	M	Pérez
358	pbkdf2_sha256$390000$s2muQsZMjgEp3bDWN1BgWC$tLB34JxXSnqZPo0emsxdXJG5QTtD5gMPUgBSEbi606Y=	\N	f	Andrea	García	f	t	2026-06-24 12:39:56.143358+00	90006		andrea.garcia.t286@cua.uam.mx	andrea.garcia.t286@example.test	{TUT}	F	González
359	pbkdf2_sha256$390000$8GQqZdYqDkMj4ha8wy7rFp$fSDa6EE4pfu6mRFVNDLoZ05SfSMwPSnIIIWxd/MOHMs=	\N	f	Santiago	García	f	t	2026-06-24 12:39:56.377619+00	90007		santiago.garcia.t287@cua.uam.mx	santiago.garcia.t287@example.test	{TUT}	M	Hernández
360	pbkdf2_sha256$390000$HJxzFx25Vt37oRMi1ljQsT$6b73RdsYQQaeK72gmzGMvk6qoDJCaPPLY5mTonG80gY=	\N	f	Fernanda	Vázquez	f	t	2026-06-24 12:39:56.683269+00	90008		fernanda.vazquez.t288@cua.uam.mx	fernanda.vazquez.t288@example.test	{TUT}	F	Martínez
361	pbkdf2_sha256$390000$TzoUWKtfVtjrOmR4QgjDRZ$TsdixzbX+LaVc7RnwjgD4trk/BMu6PDm4lw/c3A+wj0=	\N	f	Manuel	Nava	f	t	2026-06-24 12:39:56.964304+00	90009		manuel.nava.t289@cua.uam.mx	manuel.nava.t289@example.test	{TUT}	M	López
362	pbkdf2_sha256$390000$reDrLU0PZofnzVkNfVtrgX$xK089TFHMEyFh+7Que3F5pBsVwpmZvf4B30SdILuY1g=	\N	f	Camila	Torres	f	t	2026-06-24 12:39:57.317128+00	90010		camila.torres.t2810@cua.uam.mx	camila.torres.t2810@example.test	{TUT}	F	Rodríguez
363	pbkdf2_sha256$390000$uXSysZU4bCkQhsCW0on3Be$Gj+gAaLbZjf+ebb1niirT8ZPF8xicPNQEKsZzj8otWc=	\N	f	Estefanía	González	f	t	2026-06-24 12:39:57.718539+00	8000000026		estefania.gonzalez.t2826@cua.uam.mx	estefania.gonzalez.t2826@example.test	{ALU}	F	Rodríguez
364	pbkdf2_sha256$390000$qNCdi1ZELGwMmJq920DIA7$IGpaY2XfiY/42Z0/Ed75k9OZNSbnTiUZudp8Ssx1RpY=	\N	f	Luis	Cortés	f	t	2026-06-24 12:39:57.958113+00	8000000027		luis.cortes.t2827@cua.uam.mx	luis.cortes.t2827@example.test	{ALU}	M	Reyes
365	pbkdf2_sha256$390000$ntADGn7TRObWUOtQVrhjAt$mu82Qty8ykg6kHy7IdRhjrIRzKLQDqHJYgLo2hJHc34=	\N	f	Nancy	Jiménez	f	t	2026-06-24 12:39:58.284677+00	8000000028		nancy.jimenez.t2828@cua.uam.mx	nancy.jimenez.t2828@example.test	{ALU}	F	Hernández
366	pbkdf2_sha256$390000$IlQZIvrw02XGMTo6ErsjFz$C5wsYe1+67fDum33zjQPti+lCu5zKbmgybtYQpM028A=	\N	f	Emiliano	Cortés	f	t	2026-06-24 12:39:58.559889+00	8000000029		emiliano.cortes.t2829@cua.uam.mx	emiliano.cortes.t2829@example.test	{ALU}	M	Rivera
367	pbkdf2_sha256$390000$9LeU7BkkiTDV73dA2GcRzr$+YQqmgnVz+UwkB4TXGVFpwWD76yVATv5d6L43k6LdC4=	\N	f	Fernanda	Nava	f	t	2026-06-24 12:39:58.785169+00	8000000030		fernanda.nava.t2830@cua.uam.mx	fernanda.nava.t2830@example.test	{ALU}	F	García
368	pbkdf2_sha256$390000$VMK7yQtO836N1BpxINURMG$xGgOyNAio1o7PHnjYVcAVa2TtTnBzCHeAvTkCYmyi+4=	\N	f	Manuel	Escobar	f	t	2026-06-24 12:39:59.068916+00	8000000031		manuel.escobar.t2831@cua.uam.mx	manuel.escobar.t2831@example.test	{ALU}	M	Martínez
369	pbkdf2_sha256$390000$kvMxjKnUA902qu8fOCZsL0$p3tTLVc964bi5F3GFL1aRPYbLdGVZ+Km3xGR8cNSoqM=	\N	f	Jimena	Ramírez	f	t	2026-06-24 12:39:59.304927+00	8000000032		jimena.ramirez.t2832@cua.uam.mx	jimena.ramirez.t2832@example.test	{ALU}	F	Hernández
370	pbkdf2_sha256$390000$ybJgIPpob8NHvhhrypsrPP$20MmuqBrIR2d112KJXDOKjbm+oFJvFAd/Co1sbnm/Pg=	\N	f	Miguel	Morales	f	t	2026-06-24 12:39:59.534202+00	8000000033		miguel.morales.t2833@cua.uam.mx	miguel.morales.t2833@example.test	{ALU}	M	Escobar
371	pbkdf2_sha256$390000$MPw3WaCOhrFNk3iYzI2PzX$sBoRViK+TrJzVX6K1YZeqtOPkQUm10O3UxB7DgOvdOQ=	\N	f	Nancy	Martínez	f	t	2026-06-24 12:39:59.808299+00	8000000034		nancy.martinez.t2834@cua.uam.mx	nancy.martinez.t2834@example.test	{ALU}	F	Flores
372	pbkdf2_sha256$390000$pMH6a7RhmBiVrwa8YkVkBs$vJ6maO8uzTSs5Nibqm7tE1LmEEJB41nutHJBKpSqQoI=	\N	f	Emiliano	Rangel	f	t	2026-06-24 12:40:00.099567+00	8000000035		emiliano.rangel.t2835@cua.uam.mx	emiliano.rangel.t2835@example.test	{ALU}	M	Aguilar
373	pbkdf2_sha256$390000$5C3rw2sF5H2jSLP93P0v5N$x8WKvzqOXDP4FdVwhOygqO0zJJWlb5SbWJzEdQbGu20=	\N	f	Vanessa	Hernández	f	t	2026-06-24 12:40:00.390352+00	8000000036		vanessa.hernandez.t2836@cua.uam.mx	vanessa.hernandez.t2836@example.test	{ALU}	F	García
374	pbkdf2_sha256$390000$X0tARLyHn2jhe4d47dMS2n$ELVsAdaXzrhJGojpRyBklWUJqvpVh0yktmZ3an2DtgA=	\N	f	Jorge	Ramírez	f	t	2026-06-24 12:40:00.829367+00	8000000037		jorge.ramirez.t2837@cua.uam.mx	jorge.ramirez.t2837@example.test	{ALU}	M	Ramírez
375	pbkdf2_sha256$390000$Fj6YjsVJjcdiFuy5YPjurs$V63M0pz+fh8HvDJa1aGr/i5cLKwoa5Hk0//ldDvqUTg=	\N	f	Carolina	Ramírez	f	t	2026-06-24 12:40:01.116461+00	8000000038		carolina.ramirez.t2838@cua.uam.mx	carolina.ramirez.t2838@example.test	{ALU}	F	Rivera
376	pbkdf2_sha256$390000$vwVNBN0aPAmhLsDElirARp$0uaezWZcWxvT9QR0B/Q7xgdPATOusB04PagjTTBi8pM=	\N	f	Iván	Mendoza	f	t	2026-06-24 12:40:01.425756+00	8000000039		ivan.mendoza.t2839@cua.uam.mx	ivan.mendoza.t2839@example.test	{ALU}	M	Rangel
377	pbkdf2_sha256$390000$BAPKUBc45zfLP3PH08WByL$KcO07Z8rKi8lzHa5/iO/xZmoxOxR+/S8h9WS3dLj61w=	\N	f	María	Nava	f	t	2026-06-24 12:40:01.709687+00	8000000040		maria.nava.t2840@cua.uam.mx	maria.nava.t2840@example.test	{ALU}	F	García
378	pbkdf2_sha256$390000$tZODreGtK5oSHWQJRvNdFR$IGMSaAmpy30Qwz3mFOBlYjP7hPDwSz7CIZEYP7dYiSc=	\N	f	Luis	Escobar	f	t	2026-06-24 12:40:01.955917+00	8000000041		luis.escobar.t2841@cua.uam.mx	luis.escobar.t2841@example.test	{ALU}	M	Rivera
379	pbkdf2_sha256$390000$i6cgU96r1xa3FOgOfLRXS8$7X3dcYzNilGZQS9r+oq9Fnqo9nfz1FgOqJNwOAiu/GQ=	\N	f	Jimena	Reyes	f	t	2026-06-24 12:40:02.409684+00	8000000042		jimena.reyes.t2842@cua.uam.mx	jimena.reyes.t2842@example.test	{ALU}	F	Castillo
380	pbkdf2_sha256$390000$x6ETA9T1Rc9TqJLJsThC85$G1bA5lAAL7PDdfF79GPeaTXMdvly6az3u2Av2o5ZKE0=	\N	f	Miguel	Pérez	f	t	2026-06-24 12:40:02.684395+00	8000000043		miguel.perez.t2843@cua.uam.mx	miguel.perez.t2843@example.test	{ALU}	M	Escobar
381	pbkdf2_sha256$390000$4p7LYfUelv8r0vthW7YXOQ$gZtaRvMY57mILkLTrm3GPv+2JL2CbLmMEtw9n8xWFuk=	\N	f	Diana	Rodríguez	f	t	2026-06-24 12:40:02.97317+00	8000000044		diana.rodriguez.t2844@cua.uam.mx	diana.rodriguez.t2844@example.test	{ALU}	F	Hernández
382	pbkdf2_sha256$390000$QduFlWH0R2RPVQUpIphapS$MO8nPO6VRxGqemDfQf4yjl/XvzRpIOgXNaQb6cfPCPU=	\N	f	Manuel	Cortés	f	t	2026-06-24 12:40:03.250414+00	8000000045		manuel.cortes.t2845@cua.uam.mx	manuel.cortes.t2845@example.test	{ALU}	M	Pérez
383	pbkdf2_sha256$390000$xVMHmk4plj1PQ9WhcvMtSy$gT9b6nc6kE+/Zm+0HY5tnami6sJ+9cVd+S2Xjy1PIIA=	\N	f	Jimena	Nava	f	t	2026-06-24 12:40:03.648712+00	8000000046		jimena.nava.t2846@cua.uam.mx	jimena.nava.t2846@example.test	{ALU}	F	Reyes
384	pbkdf2_sha256$390000$aLfRMv6BTzQDvchAyiEXM3$0SvKOTROnJq1zaRY17LcTXXKn9J0patntVv88FrkmLY=	\N	f	Fernando	Flores	f	t	2026-06-24 12:40:03.914758+00	8000000047		fernando.flores.t2847@cua.uam.mx	fernando.flores.t2847@example.test	{ALU}	M	López
385	pbkdf2_sha256$390000$4zbzlbTGndEMgvcMW2Sbxy$/Ya7RmwaxIERrHPiq3sbTK6PmNlpLwMn1Y3lykUOpy0=	\N	f	Karla	Rangel	f	t	2026-06-24 12:40:04.275693+00	8000000048		karla.rangel.t2848@cua.uam.mx	karla.rangel.t2848@example.test	{ALU}	F	Jiménez
386	pbkdf2_sha256$390000$78i745KW2mrFkkVp36EczD$8ArHxbweO0jlxnCqM6zVpGoHFMez9IkF3cgdFatUPFs=	\N	f	Carlos	García	f	t	2026-06-24 12:40:04.560112+00	8000000049		carlos.garcia.t2849@cua.uam.mx	carlos.garcia.t2849@example.test	{ALU}	M	Flores
387	pbkdf2_sha256$390000$brLZPMpDiPBz8kb42BMUYT$HQwAFu9NZNEmLn90UUPBTBTtWeB+lrFWoo2ZQXMj7Bs=	\N	f	Jimena	Sánchez	f	t	2026-06-24 12:40:05.168975+00	8000000050		jimena.sanchez.t2850@cua.uam.mx	jimena.sanchez.t2850@example.test	{ALU}	F	Rivera
388	pbkdf2_sha256$390000$MPj3kwSeZtnJO9YHt87a5f$CLLnO+mzelpOMpye8/+kHrs6TagAujDL0Uf6NYZ20Cg=	\N	f	Jorge	Flores	f	t	2026-06-24 12:40:05.621298+00	90011		jorge.flores.t2811@cua.uam.mx	jorge.flores.t2811@example.test	{TUT}	M	Hernández
389	pbkdf2_sha256$390000$4Fgn7vbFu3oGA9OGviTwDE$DcZFA9J7ViwYNDHc6dU3+V3mmXndAe0hmaDKz84VZ5s=	\N	f	Paola	Ramírez	f	t	2026-06-24 12:40:05.918668+00	90012		paola.ramirez.t2812@cua.uam.mx	paola.ramirez.t2812@example.test	{TUT}	F	Vázquez
390	pbkdf2_sha256$390000$hbJIpOWHaEVh0ELZkbhs7i$1KhtfFIeXsluM4gLLNBoVS5Hz0aNq3bB1Jxs5Le4uGk=	\N	f	Iván	Martínez	f	t	2026-06-24 12:40:06.227438+00	90013		ivan.martinez.t2813@cua.uam.mx	ivan.martinez.t2813@example.test	{TUT}	M	Cortés
391	pbkdf2_sha256$390000$sidnaHXmEzIkWO7Yse9J20$S5+Sk1+sYTNZJhocry9R1UljRwCOPspmzuCp1guNjGw=	\N	f	Karla	Ramírez	f	t	2026-06-24 12:40:06.513405+00	90014		karla.ramirez.t2814@cua.uam.mx	karla.ramirez.t2814@example.test	{TUT}	F	González
392	pbkdf2_sha256$390000$xxNWYKHPRSIFP2o5nNAr98$2B/7W7cvXSJZjCzn/NK4xWeiJlMHwCjFI7zvzFPmoEw=	\N	f	Miguel	Sánchez	f	t	2026-06-24 12:40:06.776421+00	90015		miguel.sanchez.t2815@cua.uam.mx	miguel.sanchez.t2815@example.test	{TUT}	M	González
393	pbkdf2_sha256$390000$yHM3ZNSKUXuvXaTsNPJ3SD$goYFDmPXnEv4r9/N4uj+lDlV49BPuHADvAiq/E/WgDg=	\N	f	Alan	Vázquez	f	t	2026-06-24 12:40:07.006855+00	8000000051		alan.vazquez.t2851@cua.uam.mx	alan.vazquez.t2851@example.test	{ALU}	M	Martínez
394	pbkdf2_sha256$390000$dGBYR3wBSewD9psD6D2LX9$DBoK5mZNOdJ/2D4iHsaN7r9GAS3hFoe8cdnKjeSg/+o=	\N	f	Estefanía	Reyes	f	t	2026-06-24 12:40:07.347112+00	8000000052		estefania.reyes.t2852@cua.uam.mx	estefania.reyes.t2852@example.test	{ALU}	F	López
395	pbkdf2_sha256$390000$N9Qxwc0E0oongu9zkvONEm$pdwD8XorRhZ0JynICjU6sZZ36SUv2k07jAzJkuiMMV0=	\N	f	Iván	Castillo	f	t	2026-06-24 12:40:07.889882+00	8000000053		ivan.castillo.t2853@cua.uam.mx	ivan.castillo.t2853@example.test	{ALU}	M	González
396	pbkdf2_sha256$390000$dXuP4JZem2SbiHoJeSL9PQ$y6xese3zlwiWfWRhLH0pwyu27qQ+w6wATZw3LEQi0IY=	\N	f	Jimena	Escobar	f	t	2026-06-24 12:40:08.164564+00	8000000054		jimena.escobar.t2854@cua.uam.mx	jimena.escobar.t2854@example.test	{ALU}	F	Rangel
397	pbkdf2_sha256$390000$KBwKX8RkkmPDchdCbXa8qz$pli+If6uMEuB/XncPvly3vYS6WHHGm/FKkybKEy920M=	\N	f	Iván	Rivera	f	t	2026-06-24 12:40:08.478816+00	8000000055		ivan.rivera.t2855@cua.uam.mx	ivan.rivera.t2855@example.test	{ALU}	M	Reyes
398	pbkdf2_sha256$390000$n9vFWja9AsFZu0y9ibtADW$Bi3TagOJlGGHbx/rgcIU0xdcC54uatfl25GwQhusyWw=	\N	f	María	Nava	f	t	2026-06-24 12:40:08.786854+00	8000000056		maria.nava.t2856@cua.uam.mx	maria.nava.t2856@example.test	{ALU}	F	Jiménez
399	pbkdf2_sha256$390000$vopczvliKHo4vVbIdC3RGx$JeY5pDEHmFgifV5Sjj7IwPSa9TzyKPFdyJVaMbw9qKI=	\N	f	Fernando	López	f	t	2026-06-24 12:40:09.047+00	8000000057		fernando.lopez.t2857@cua.uam.mx	fernando.lopez.t2857@example.test	{ALU}	M	Escobar
400	pbkdf2_sha256$390000$uATZvRBRzO8y1OusZHVXT9$9Y/VV1o/zDdqc+rttZFlhW2pY31snaWj++FJeoKTX/I=	\N	f	Camila	Jiménez	f	t	2026-06-24 12:40:09.317916+00	8000000058		camila.jimenez.t2858@cua.uam.mx	camila.jimenez.t2858@example.test	{ALU}	F	Castillo
401	pbkdf2_sha256$390000$7MajigFfZbTKXeA7H2bfzp$LfqXXG/xquf50+htozOJWdNQrJEyTwuqeu21cdYB9Y0=	\N	f	Luis	Cortés	f	t	2026-06-24 12:40:09.751979+00	8000000059		luis.cortes.t2859@cua.uam.mx	luis.cortes.t2859@example.test	{ALU}	M	Castillo
402	pbkdf2_sha256$390000$JOL73Ln0Tb2HjpX1T2dNlF$a4mtaK6hN3T1QAHbInGP1EhgWexjMRZOCZ2j7bnfDZs=	\N	f	Diana	Nava	f	t	2026-06-24 12:40:10.028633+00	8000000060		diana.nava.t2860@cua.uam.mx	diana.nava.t2860@example.test	{ALU}	F	González
403	pbkdf2_sha256$390000$d59y8DgxKuwl73pjlwIrsK$zw6XIR96ovbkdl3bHiCx+1QaaKyk5+gDzOUvReDOIdY=	\N	f	Rodrigo	Cruz	f	t	2026-06-24 12:40:10.27943+00	8000000061		rodrigo.cruz.t2861@cua.uam.mx	rodrigo.cruz.t2861@example.test	{ALU}	M	Aguilar
404	pbkdf2_sha256$390000$9qvSAzAGE02UClsLI7j1V8$TxLtq7O4UOyNSSVqnJAgAae6lvRnMMgsMirmTOgTdCU=	\N	f	Mónica	Hernández	f	t	2026-06-24 12:40:10.546651+00	8000000062		monica.hernandez.t2862@cua.uam.mx	monica.hernandez.t2862@example.test	{ALU}	F	Jiménez
405	pbkdf2_sha256$390000$XrQMuuqUEj2Mqj9iIZlpoz$Xt72enKskvyO6mW29bDeCPKpki84X5q3H9PPIewHFho=	\N	f	Carlos	Ramírez	f	t	2026-06-24 12:40:10.790436+00	8000000063		carlos.ramirez.t2863@cua.uam.mx	carlos.ramirez.t2863@example.test	{ALU}	M	Jiménez
406	pbkdf2_sha256$390000$8uv0MUrSrXHSZqRioyUNcH$/6DwnHjU1YMIT9V+b7iOJEjUmwSQltak/cGEk0J+roU=	\N	f	Jimena	Sánchez	f	t	2026-06-24 12:40:11.035863+00	8000000064		jimena.sanchez.t2864@cua.uam.mx	jimena.sanchez.t2864@example.test	{ALU}	F	Rangel
407	pbkdf2_sha256$390000$ZQfNYt1KGFbWbicZEXRAyK$k09+SPvJWUu3jT2BTRl9C5xpcspd3VyQVfTdzNuFBr0=	\N	f	Emiliano	Sánchez	f	t	2026-06-24 12:40:11.429178+00	8000000065		emiliano.sanchez.t2865@cua.uam.mx	emiliano.sanchez.t2865@example.test	{ALU}	M	Nava
408	pbkdf2_sha256$390000$qBovoaI0bJCrF6ACEec1LY$X25gzQ+syXjs6BhR5YbfDhl55cpoTxWz6uwTQ1AO5RQ=	\N	f	Paola	Jiménez	f	t	2026-06-24 12:40:11.697053+00	8000000066		paola.jimenez.t2866@cua.uam.mx	paola.jimenez.t2866@example.test	{ALU}	F	Rangel
409	pbkdf2_sha256$390000$ynyDxkH7hoWTZvaziEhE0d$lRyG4vd84hLbdpppuZPGu6bV5tLU7rQnKOkLe0Yoz9g=	\N	f	Leonardo	García	f	t	2026-06-24 12:40:12.141406+00	8000000067		leonardo.garcia.t2867@cua.uam.mx	leonardo.garcia.t2867@example.test	{ALU}	M	Aguilar
410	pbkdf2_sha256$390000$1x6L6Es29VntmlUmig4tnA$I5zoWMnRnt2ltph926uYCeE3vQZL5I2G+J5CLrk8fGU=	\N	f	Daniela	Pérez	f	t	2026-06-24 12:40:12.535692+00	8000000068		daniela.perez.t2868@cua.uam.mx	daniela.perez.t2868@example.test	{ALU}	F	Reyes
411	pbkdf2_sha256$390000$KJkUln8VCDNfQ6ykT3Hr7Q$RhNkAGB/FBEgT2ZISuan8gVWBbV0DhvOgOJBP68LER0=	\N	f	Carlos	Rodríguez	f	t	2026-06-24 12:40:12.789299+00	8000000069		carlos.rodriguez.t2869@cua.uam.mx	carlos.rodriguez.t2869@example.test	{ALU}	M	García
412	pbkdf2_sha256$390000$CBUAkDHfIdKMPUCD7rbc3X$s2Tnz1SYjb084WzDrZaPgWN5t11H+8X4fRA6rs/bO/4=	\N	f	Mónica	Aguilar	f	t	2026-06-24 12:40:13.03031+00	8000000070		monica.aguilar.t2870@cua.uam.mx	monica.aguilar.t2870@example.test	{ALU}	F	Cruz
413	pbkdf2_sha256$390000$xqeXmoGGlwkBUw4YWrzYvr$vFwF1cDa4+/rzIkVa4p3RHoU9TTY36quW+bt48gIOF4=	\N	f	Andrés	Rivera	f	t	2026-06-24 12:40:13.278129+00	8000000071		andres.rivera.t2871@cua.uam.mx	andres.rivera.t2871@example.test	{ALU}	M	Flores
414	pbkdf2_sha256$390000$ynadrmjU0460q22axiX8vo$Qyr3FDIgYMpBsQrivMZQBnLR6vZ7PV7+mr8hXFbA1t4=	\N	f	Nancy	García	f	t	2026-06-24 12:40:13.597593+00	8000000072		nancy.garcia.t2872@cua.uam.mx	nancy.garcia.t2872@example.test	{ALU}	F	Nava
415	pbkdf2_sha256$390000$V4BQmahmi1axHZNdMfSF2n$MFOkLEGNEZNDXX2aMwj2R2c6FwRz1K987bxJl+W8kAQ=	\N	f	Santiago	Rangel	f	t	2026-06-24 12:40:14.007236+00	8000000073		santiago.rangel.t2873@cua.uam.mx	santiago.rangel.t2873@example.test	{ALU}	M	Jiménez
416	pbkdf2_sha256$390000$mCIOb7jiU6NuG7izJ2MXZ5$f+OZAtGeOxLdCXU4RHSmfoBFyewY+cx5WdFmyqJLcKo=	\N	f	Sofía	Escobar	f	t	2026-06-24 12:40:14.270461+00	8000000074		sofia.escobar.t2874@cua.uam.mx	sofia.escobar.t2874@example.test	{ALU}	F	Escobar
417	pbkdf2_sha256$390000$W1xpgyLbKukwIMc6O0nidA$atNNEkQPuiK1lP6l01IEz3VOO3XrlEo2M3iNN8H4t2k=	\N	f	Erick	Vázquez	f	t	2026-06-24 12:40:14.505972+00	8000000075		erick.vazquez.t2875@cua.uam.mx	erick.vazquez.t2875@example.test	{ALU}	M	Rivera
418	pbkdf2_sha256$390000$4CU5Sm9nxBAq6ZMvfwLquA$WubkO0PlRMQ2zoJ/vrZvCiUT8GDbNjCpBshUjDZ7yKw=	\N	f	Andrea	Sánchez	f	t	2026-06-24 12:40:14.926737+00	90016		andrea.sanchez.t2816@cua.uam.mx	andrea.sanchez.t2816@example.test	{TUT}	F	Nava
419	pbkdf2_sha256$390000$h6Q7TuYB94dSF9Qhg5y40V$mA6NzPtHvE0ABDZ73W5LtjgKSc8C6aaCY6jJ6IEc3+U=	\N	f	Jorge	Rangel	f	t	2026-06-24 12:40:15.235376+00	90017		jorge.rangel.t2817@cua.uam.mx	jorge.rangel.t2817@example.test	{TUT}	M	Vázquez
420	pbkdf2_sha256$390000$nW2C0HLsfqH2UKPLO8aNbK$W9gag2jy0TTZ240abtfCQohzDipr+PIuJv+Zb41epQU=	\N	f	Estefanía	Martínez	f	t	2026-06-24 12:40:15.461384+00	90018		estefania.martinez.t2818@cua.uam.mx	estefania.martinez.t2818@example.test	{TUT}	F	Cortés
421	pbkdf2_sha256$390000$3eqnfTA4CMZ8A39hjtgyei$A6XP6MUK5zlglGyJa9MMHN8yVF7OwSzfGaJtMQrgTSs=	\N	f	Emiliano	Castillo	f	t	2026-06-24 12:40:15.679026+00	90019		emiliano.castillo.t2819@cua.uam.mx	emiliano.castillo.t2819@example.test	{TUT}	M	Vázquez
422	pbkdf2_sha256$390000$ExmWIbxWnF88DdPc0jBEgw$PWr47jTFMapkJ6lXTF/XQRcRyB5O0K7lFb0IG1Qim/w=	\N	f	María	Torres	f	t	2026-06-24 12:40:15.917694+00	90020		maria.torres.t2820@cua.uam.mx	maria.torres.t2820@example.test	{TUT}	F	Torres
423	pbkdf2_sha256$390000$yrZahjaVDnl2clDhnM8XrF$umE0IbT/MAGA0m2omHYN/adjpIFlR0/ravRPdgkIFaQ=	\N	f	Estefanía	Martínez	f	t	2026-06-24 12:40:16.315559+00	8000000076		estefania.martinez.t2876@cua.uam.mx	estefania.martinez.t2876@example.test	{ALU}	F	Aguilar
424	pbkdf2_sha256$390000$A6VqgbmPOG3rTuye7vzKSp$cObdi4+6nGNlEqxDOv5FVjUMJsAfu199mu1j/OUHIGo=	\N	f	Fernando	Reyes	f	t	2026-06-24 12:40:16.597582+00	8000000077		fernando.reyes.t2877@cua.uam.mx	fernando.reyes.t2877@example.test	{ALU}	M	Cortés
425	pbkdf2_sha256$390000$nNJdTznMkjWEhTEoxovvkj$+QMmJHQ7877z2JY6zGlhXQhmbUHlxi+RGwCbbh2uBXc=	\N	f	Carolina	González	f	t	2026-06-24 12:40:16.943103+00	8000000078		carolina.gonzalez.t2878@cua.uam.mx	carolina.gonzalez.t2878@example.test	{ALU}	F	González
426	pbkdf2_sha256$390000$51n4cidHqHDWPdgL7y1woZ$X34Zx3d33oyGGXFg90oCv9Zbhey/T6bL1khp7QiTe1Y=	\N	f	Raúl	Mendoza	f	t	2026-06-24 12:40:17.161137+00	8000000079		raul.mendoza.t2879@cua.uam.mx	raul.mendoza.t2879@example.test	{ALU}	M	López
427	pbkdf2_sha256$390000$oyLXsXH4fIeURQHzTTrU6t$KwDGrsx3jj+LGGwkUkRQQLe/vy29+vSIsKXPuFgdJCo=	\N	f	Carolina	Cortés	f	t	2026-06-24 12:40:17.400828+00	8000000080		carolina.cortes.t2880@cua.uam.mx	carolina.cortes.t2880@example.test	{ALU}	F	Jiménez
428	pbkdf2_sha256$390000$YFWYbHDDk100diq10KZvYW$kExAig7zSqQr/nT6C9ceGzTOAISuLHBXwbdzAB3J4tQ=	\N	f	Santiago	Morales	f	t	2026-06-24 12:40:17.661585+00	8000000081		santiago.morales.t2881@cua.uam.mx	santiago.morales.t2881@example.test	{ALU}	M	Rangel
429	pbkdf2_sha256$390000$WgOJqPXbTSgXlvSWjcgw1V$zeGtyQvT6f4fdbqos0esOHoNtFxmT8ChUqDENiZY7wQ=	\N	f	Paola	Martínez	f	t	2026-06-24 12:40:17.918449+00	8000000082		paola.martinez.t2882@cua.uam.mx	paola.martinez.t2882@example.test	{ALU}	F	Rodríguez
430	pbkdf2_sha256$390000$vtJmA2ywKaDsjRw3zOEg5f$FhLolIpUvfTfhLaC+g1ctgKWwxW7JdJX5xRTJlryGEU=	\N	f	Carlos	Cortés	f	t	2026-06-24 12:40:18.22863+00	8000000083		carlos.cortes.t2883@cua.uam.mx	carlos.cortes.t2883@example.test	{ALU}	M	Rivera
431	pbkdf2_sha256$390000$tnUL5MnKmPiFtfNkp6kIDC$DilnnBMpburHnWZVb43g5U74DdhJ46hJq4XmGwKV+xY=	\N	f	Fernanda	López	f	t	2026-06-24 12:40:18.476271+00	8000000084		fernanda.lopez.t2884@cua.uam.mx	fernanda.lopez.t2884@example.test	{ALU}	F	Cortés
432	pbkdf2_sha256$390000$xILn2yKbmZXP38hptYRDuQ$BTjpuIIWB8yA5CMRVJDf8YdGSAlbFKkDmC8JLEi9qFU=	\N	f	Rodrigo	Pérez	f	t	2026-06-24 12:40:18.730511+00	8000000085		rodrigo.perez.t2885@cua.uam.mx	rodrigo.perez.t2885@example.test	{ALU}	M	Torres
433	pbkdf2_sha256$390000$jFzqwqgH9GrJE4Ni0ucpyO$STJ4wz+PnsNbmdsvTNaA8GYZ9MrniFjT50BWjGYr9IY=	\N	f	Mónica	Martínez	f	t	2026-06-24 12:40:19.08334+00	8000000086		monica.martinez.t2886@cua.uam.mx	monica.martinez.t2886@example.test	{ALU}	F	Rangel
434	pbkdf2_sha256$390000$hn8RSesFnRctqkpJCE5tF2$gvsKE5d4Q7VrI55rO080mjuu40n8lu/RivKE5sEmiwA=	\N	f	Alan	Cortés	f	t	2026-06-24 12:40:19.295605+00	8000000087		alan.cortes.t2887@cua.uam.mx	alan.cortes.t2887@example.test	{ALU}	M	Cortés
435	pbkdf2_sha256$390000$xrzz1IjnBzZN0jptK6cnZB$UtL67iHI0pBs+UA/RmKGjlOu3dUMeelfPf+js378M0A=	\N	f	Andrea	Martínez	f	t	2026-06-24 12:40:19.626673+00	8000000088		andrea.martinez.t2888@cua.uam.mx	andrea.martinez.t2888@example.test	{ALU}	F	Jiménez
436	pbkdf2_sha256$390000$HvoARghPwSEjVNoQlUZNsh$AaK3fSi1c9yu78tsq9WeREe0A5NsH9QNEMex5CEiB+0=	\N	f	Carlos	Aguilar	f	t	2026-06-24 12:40:19.930168+00	8000000089		carlos.aguilar.t2889@cua.uam.mx	carlos.aguilar.t2889@example.test	{ALU}	M	Aguilar
437	pbkdf2_sha256$390000$51UrrdH5EdXOZ4FAad4svU$leTNVFRUyngg48B4xrQogq2dgkZtQ7qVSrpt8fo6KZs=	\N	f	Camila	Reyes	f	t	2026-06-24 12:40:20.205882+00	8000000090		camila.reyes.t2890@cua.uam.mx	camila.reyes.t2890@example.test	{ALU}	F	Aguilar
438	pbkdf2_sha256$390000$Wnkccd767YIXsfWJZybJIZ$tgk/SrBDGMwFlICmAEYuh3owMGsN7O5rpPceUYUXuq0=	\N	f	Diego	Pérez	f	t	2026-06-24 12:40:20.477717+00	8000000091		diego.perez.t2891@cua.uam.mx	diego.perez.t2891@example.test	{ALU}	M	González
439	pbkdf2_sha256$390000$jW7ZwipcFpZVDMUPt1ykRH$vK1aktK2oFcAr0ssZ51P45QJ9g6hD7ktfUQfzeeUBaA=	\N	f	Karla	Reyes	f	t	2026-06-24 12:40:20.793178+00	8000000092		karla.reyes.t2892@cua.uam.mx	karla.reyes.t2892@example.test	{ALU}	F	Cortés
440	pbkdf2_sha256$390000$hy8whIAtJ3t3IBMK4DfzyX$Jzs7CKjQkpgoFXe23qwC+tOI5kTrmUW8/sqE1D4O7+U=	\N	f	Carlos	Sánchez	f	t	2026-06-24 12:40:21.141285+00	8000000093		carlos.sanchez.t2893@cua.uam.mx	carlos.sanchez.t2893@example.test	{ALU}	M	Reyes
441	pbkdf2_sha256$390000$2JfQPPASmFiAns2lkgWbLR$xAtbrTN3DJsbfg/CyHs2S/J65llWJCAFaDd44tciz0A=	\N	f	Sofía	Rodríguez	f	t	2026-06-24 12:40:21.360435+00	8000000094		sofia.rodriguez.t2894@cua.uam.mx	sofia.rodriguez.t2894@example.test	{ALU}	F	Reyes
442	pbkdf2_sha256$390000$ziVWlzL1j0MrUsN4einl61$7KbR082ez2jr/KoRZTaznOZBCku8lg5an1qgIkb7qQY=	\N	f	José	Aguilar	f	t	2026-06-24 12:40:21.624864+00	8000000095		jose.aguilar.t2895@cua.uam.mx	jose.aguilar.t2895@example.test	{ALU}	M	Rodríguez
443	pbkdf2_sha256$390000$IqITJ81sYhzNjIocMAeHSx$DFJBWP0iJ5zXizXTybE7TPxaZPgz91C7zcpzwYeSwRM=	\N	f	Sofía	Cortés	f	t	2026-06-24 12:40:22.018561+00	8000000096		sofia.cortes.t2896@cua.uam.mx	sofia.cortes.t2896@example.test	{ALU}	F	Torres
444	pbkdf2_sha256$390000$sNnyCBNW0skdoXaActFUlc$4serSu6ZPI+3/6LCFClHNL+hohzUL9Od9W6YTb6MArA=	\N	f	Emiliano	Aguilar	f	t	2026-06-24 12:40:22.291835+00	8000000097		emiliano.aguilar.t2897@cua.uam.mx	emiliano.aguilar.t2897@example.test	{ALU}	M	Nava
445	pbkdf2_sha256$390000$j5MS516S2HG4vOXs5o9FgX$GOSn4CiSBcFBsa711EQfyFHBRDOlH13I+y39Qf5pDHI=	\N	f	Fernanda	Rangel	f	t	2026-06-24 12:40:22.766635+00	8000000098		fernanda.rangel.t2898@cua.uam.mx	fernanda.rangel.t2898@example.test	{ALU}	F	Rodríguez
446	pbkdf2_sha256$390000$ltOAdYhbgpo2QjsWc8IuE6$jeLeAHMxhQjJZdxApQ0fx8YM0sYLjtSsdywrILt06M0=	\N	f	Jorge	Rivera	f	t	2026-06-24 12:40:23.016982+00	8000000099		jorge.rivera.t2899@cua.uam.mx	jorge.rivera.t2899@example.test	{ALU}	M	Nava
447	pbkdf2_sha256$390000$gCzZLVL1SeuqrDfjEW6uiI$EI+zhzZGf62JkF+B15EeMa3gcZPbhsD2gqAQa7Nw94I=	\N	f	Fernanda	Castillo	f	t	2026-06-24 12:40:23.27341+00	8000000100		fernanda.castillo.t28100@cua.uam.mx	fernanda.castillo.t28100@example.test	{ALU}	F	Cruz
\.


--
-- Data for Name: Usuarios_usuario_groups; Type: TABLE DATA; Schema: public; Owner: postgres
--

COPY public."Usuarios_usuario_groups" (id, usuario_id, group_id) FROM stdin;
\.


--
-- Data for Name: Usuarios_usuario_user_permissions; Type: TABLE DATA; Schema: public; Owner: postgres
--

COPY public."Usuarios_usuario_user_permissions" (id, usuario_id, permission_id) FROM stdin;
\.


--
-- Data for Name: auth_group; Type: TABLE DATA; Schema: public; Owner: postgres
--

COPY public.auth_group (id, name) FROM stdin;
\.


--
-- Data for Name: auth_group_permissions; Type: TABLE DATA; Schema: public; Owner: postgres
--

COPY public.auth_group_permissions (id, group_id, permission_id) FROM stdin;
\.


--
-- Data for Name: auth_permission; Type: TABLE DATA; Schema: public; Owner: postgres
--

COPY public.auth_permission (id, name, content_type_id, codename) FROM stdin;
1	Can add log entry	1	add_logentry
2	Can change log entry	1	change_logentry
3	Can delete log entry	1	delete_logentry
4	Can view log entry	1	view_logentry
5	Can add permission	2	add_permission
6	Can change permission	2	change_permission
7	Can delete permission	2	delete_permission
8	Can view permission	2	view_permission
9	Can add group	3	add_group
10	Can change group	3	change_group
11	Can delete group	3	delete_group
12	Can view group	3	view_group
13	Can add content type	4	add_contenttype
14	Can change content type	4	change_contenttype
15	Can delete content type	4	delete_contenttype
16	Can view content type	4	view_contenttype
17	Can add session	5	add_session
18	Can change session	5	change_session
19	Can delete session	5	delete_session
20	Can view session	5	view_session
21	Can add asesoria	6	add_asesoria
22	Can change asesoria	6	change_asesoria
23	Can delete asesoria	6	delete_asesoria
24	Can view asesoria	6	view_asesoria
25	Can add tutoria	7	add_tutoria
26	Can change tutoria	7	change_tutoria
27	Can delete tutoria	7	delete_tutoria
28	Can view tutoria	7	view_tutoria
29	Can add documento	8	add_documento
30	Can change documento	8	change_documento
31	Can delete documento	8	delete_documento
32	Can view documento	8	view_documento
33	Can add user	9	add_usuario
34	Can change user	9	change_usuario
35	Can delete user	9	delete_usuario
36	Can view user	9	view_usuario
37	Can add CODA	10	add_coda
38	Can change CODA	10	change_coda
39	Can delete CODA	10	delete_coda
40	Can view CODA	10	view_coda
41	Can add Tutor	11	add_tutor
42	Can change Tutor	11	change_tutor
43	Can delete Tutor	11	delete_tutor
44	Can view Tutor	11	view_tutor
45	Can add Cordinador	12	add_cordinador
46	Can change Cordinador	12	change_cordinador
47	Can delete Cordinador	12	delete_cordinador
48	Can view Cordinador	12	view_cordinador
49	Can add Alumno	13	add_alumno
50	Can change Alumno	13	change_alumno
51	Can delete Alumno	13	delete_alumno
52	Can view Alumno	13	view_alumno
53	Can add Notification	14	add_notification
54	Can change Notification	14	change_notification
55	Can delete Notification	14	delete_notification
56	Can view Notification	14	view_notification
57	Can add historial cambio tutoria	15	add_historialcambiotutoria
58	Can change historial cambio tutoria	15	change_historialcambiotutoria
59	Can delete historial cambio tutoria	15	delete_historialcambiotutoria
60	Can view historial cambio tutoria	15	view_historialcambiotutoria
\.


--
-- Data for Name: django_admin_log; Type: TABLE DATA; Schema: public; Owner: postgres
--

COPY public.django_admin_log (id, action_time, object_id, object_repr, action_flag, change_message, content_type_id, user_id) FROM stdin;
1	2026-03-20 12:43:00.162918+00	2	34140	1	[{"added": {}}]	10	1
2	2026-03-20 12:43:52.798799+00	3	40143	1	[{"added": {}}]	10	1
3	2026-03-20 13:22:03.525711+00	10	30419	3		11	1
\.


--
-- Data for Name: django_content_type; Type: TABLE DATA; Schema: public; Owner: postgres
--

COPY public.django_content_type (id, app_label, model) FROM stdin;
1	admin	logentry
2	auth	permission
3	auth	group
4	contenttypes	contenttype
5	sessions	session
6	Tutorias	asesoria
7	Tutorias	tutoria
8	Usuarios	documento
9	Usuarios	usuario
10	Usuarios	coda
11	Usuarios	tutor
12	Usuarios	cordinador
13	Usuarios	alumno
14	notifications	notification
15	Tutorias	historialcambiotutoria
\.


--
-- Data for Name: django_migrations; Type: TABLE DATA; Schema: public; Owner: postgres
--

COPY public.django_migrations (id, app, name, applied) FROM stdin;
1	contenttypes	0001_initial	2026-03-18 22:50:08.144436+00
2	contenttypes	0002_remove_content_type_name	2026-03-18 22:50:08.186961+00
3	auth	0001_initial	2026-03-18 22:50:08.378889+00
4	auth	0002_alter_permission_name_max_length	2026-03-18 22:50:08.408723+00
5	auth	0003_alter_user_email_max_length	2026-03-18 22:50:08.43315+00
6	auth	0004_alter_user_username_opts	2026-03-18 22:50:08.47697+00
7	auth	0005_alter_user_last_login_null	2026-03-18 22:50:08.496628+00
8	auth	0006_require_contenttypes_0002	2026-03-18 22:50:08.505787+00
9	auth	0007_alter_validators_add_error_messages	2026-03-18 22:50:08.540376+00
10	auth	0008_alter_user_username_max_length	2026-03-18 22:50:08.570661+00
11	auth	0009_alter_user_last_name_max_length	2026-03-18 22:50:08.589044+00
12	auth	0010_alter_group_name_max_length	2026-03-18 22:50:08.605794+00
13	auth	0011_update_proxy_permissions	2026-03-18 22:50:08.625856+00
14	auth	0012_alter_user_first_name_max_length	2026-03-18 22:50:08.651283+00
15	Usuarios	0001_initial	2026-03-18 22:50:08.920244+00
16	Tutorias	0001_initial	2026-03-18 22:50:08.973384+00
17	Tutorias	0002_initial	2026-03-18 22:50:09.121887+00
18	Usuarios	0002_alumno_rfc	2026-03-18 22:50:09.147901+00
19	admin	0001_initial	2026-03-18 22:50:09.262933+00
20	admin	0002_logentry_remove_auto_add	2026-03-18 22:50:09.300199+00
21	admin	0003_logentry_add_action_flag_choices	2026-03-18 22:50:09.32909+00
22	notifications	0001_initial	2026-03-18 22:50:09.415413+00
23	notifications	0002_auto_20150224_1134	2026-03-18 22:50:09.481724+00
24	notifications	0003_notification_data	2026-03-18 22:50:09.507945+00
25	notifications	0004_auto_20150826_1508	2026-03-18 22:50:09.534816+00
26	notifications	0005_auto_20160504_1520	2026-03-18 22:50:09.565819+00
27	notifications	0006_indexes	2026-03-18 22:50:09.718817+00
28	notifications	0007_add_timestamp_index	2026-03-18 22:50:09.763644+00
29	notifications	0008_index_together_recipient_unread	2026-03-18 22:50:09.814418+00
30	notifications	0009_alter_notification_options_and_more	2026-03-18 22:50:10.135989+00
31	sessions	0001_initial	2026-03-18 22:50:10.211401+00
32	Tutorias	0003_historialcambiotutoria	2026-05-29 23:10:42.624111+00
33	Tutorias	0004_tutoria_estado_alumno_historico_alter_tutoria_estado	2026-05-29 23:10:42.686156+00
\.


--
-- Data for Name: django_session; Type: TABLE DATA; Schema: public; Owner: postgres
--

COPY public.django_session (session_key, session_data, expire_date) FROM stdin;
1id7wqgf7sibdg0kd2c0065jf3y6s8gk	.eJxVjMsOwiAQRf-FtSHg8HTpvt9AmAGkaiAp7cr479qkC93ec859sRC3tYZt5CXMiV2YZKffDSM9cttBusd265x6W5cZ-a7wgw4-9ZSf18P9O6hx1G8dtREkoAhnixElRZ-cVuC8VjlpQkJlFCqrQOczkgSQ2RX0YIUnQ4W9P92gN9w:1w3YWV:S_kUFzI8mzt5zrivWRjvsFzxBjkNYDb_bD2Ppg6OUt8	2026-04-03 12:00:15.805125+00
d5ril8f1cml1p6z200w0j4b10opj8h1e	.eJxVjDsOwjAQBe_iGlmOnXgdSnrOEO161zgQxVI-FeLuOFIKaGfem7cacN_ysK-yDCOrq3Lq8ssI40vmQ_AT50fRsczbMpI-Jvq0q74Xlul2bv8CGddc38E3EFygJgBiJ9YgG8BKYgLiRK0h54NJfQutdOTBJmfAO-6lAXK2RpcySS3Fwqg-X_T9O4c:1wCN8L:_eAIHuDNOD_4cFMOrKbRKYa5CLRdIEUNSsJUWhuHMh8	2026-04-27 19:39:45.70734+00
iks2e3njjkhzbrwwbwvcfov9o9gcyev9	.eJxVjDsOwjAQBe_iGlmOnXgdSnrOEO161zgQxVI-FeLuOFIKaGfem7cacN_ysK-yDCOrq3Lq8ssI40vmQ_AT50fRsczbMpI-Jvq0q74Xlul2bv8CGddc38E3EFygJgBiJ9YgG8BKYgLiRK0h54NJfQutdOTBJmfAO-6lAXK2RpcySS3Fwqg-X_T9O4c:1wQEf1:mGU7_Pp-zrQiO4BsJLbn8v9-CM9RZ0t3J_KgVStlIA8	2026-06-05 01:26:47.72925+00
\.


--
-- Data for Name: notifications_notification; Type: TABLE DATA; Schema: public; Owner: postgres
--

COPY public.notifications_notification (id, level, unread, actor_object_id, verb, description, target_object_id, action_object_object_id, "timestamp", public, action_object_content_type_id, actor_content_type_id, recipient_id, target_content_type_id, deleted, emailed, data) FROM stdin;
1	info	f	22	Nueva solicitud de tutoria	Becas, Inglés, Estancia de Verano	\N	\N	2026-03-20 17:55:42.428206+00	t	\N	13	9	\N	f	f	\N
2	info	t	9	Tutoria Modificada	\N	\N	\N	2026-03-23 00:45:14.097467+00	t	\N	11	22	\N	f	f	\N
3	info	t	24	Nueva solicitud de tutoria	Titulación, Egreso, Personales	\N	\N	2026-03-23 00:48:25.664455+00	t	\N	13	13	\N	f	f	\N
4	info	t	23	Nueva solicitud de tutoria	Proyecto Terminal	\N	\N	2026-03-25 05:51:08.900117+00	t	\N	13	9	\N	f	f	\N
\.


--
-- Name: Tutorias_asesoria_id_seq; Type: SEQUENCE SET; Schema: public; Owner: postgres
--

SELECT pg_catalog.setval('public."Tutorias_asesoria_id_seq"', 1, false);


--
-- Name: Tutorias_historialcambiotutoria_id_seq; Type: SEQUENCE SET; Schema: public; Owner: postgres
--

SELECT pg_catalog.setval('public."Tutorias_historialcambiotutoria_id_seq"', 1, false);


--
-- Name: Tutorias_tutoria_id_seq; Type: SEQUENCE SET; Schema: public; Owner: postgres
--

SELECT pg_catalog.setval('public."Tutorias_tutoria_id_seq"', 490, true);


--
-- Name: Usuarios_documento_id_seq; Type: SEQUENCE SET; Schema: public; Owner: postgres
--

SELECT pg_catalog.setval('public."Usuarios_documento_id_seq"', 3, true);


--
-- Name: Usuarios_usuario_groups_id_seq; Type: SEQUENCE SET; Schema: public; Owner: postgres
--

SELECT pg_catalog.setval('public."Usuarios_usuario_groups_id_seq"', 1, false);


--
-- Name: Usuarios_usuario_id_seq; Type: SEQUENCE SET; Schema: public; Owner: postgres
--

SELECT pg_catalog.setval('public."Usuarios_usuario_id_seq"', 447, true);


--
-- Name: Usuarios_usuario_user_permissions_id_seq; Type: SEQUENCE SET; Schema: public; Owner: postgres
--

SELECT pg_catalog.setval('public."Usuarios_usuario_user_permissions_id_seq"', 1, false);


--
-- Name: auth_group_id_seq; Type: SEQUENCE SET; Schema: public; Owner: postgres
--

SELECT pg_catalog.setval('public.auth_group_id_seq', 1, false);


--
-- Name: auth_group_permissions_id_seq; Type: SEQUENCE SET; Schema: public; Owner: postgres
--

SELECT pg_catalog.setval('public.auth_group_permissions_id_seq', 1, false);


--
-- Name: auth_permission_id_seq; Type: SEQUENCE SET; Schema: public; Owner: postgres
--

SELECT pg_catalog.setval('public.auth_permission_id_seq', 60, true);


--
-- Name: django_admin_log_id_seq; Type: SEQUENCE SET; Schema: public; Owner: postgres
--

SELECT pg_catalog.setval('public.django_admin_log_id_seq', 3, true);


--
-- Name: django_content_type_id_seq; Type: SEQUENCE SET; Schema: public; Owner: postgres
--

SELECT pg_catalog.setval('public.django_content_type_id_seq', 15, true);


--
-- Name: django_migrations_id_seq; Type: SEQUENCE SET; Schema: public; Owner: postgres
--

SELECT pg_catalog.setval('public.django_migrations_id_seq', 33, true);


--
-- Name: notifications_notification_id_seq; Type: SEQUENCE SET; Schema: public; Owner: postgres
--

SELECT pg_catalog.setval('public.notifications_notification_id_seq', 4, true);


--
-- Name: Tutorias_asesoria Tutorias_asesoria_pkey; Type: CONSTRAINT; Schema: public; Owner: postgres
--

ALTER TABLE ONLY public."Tutorias_asesoria"
    ADD CONSTRAINT "Tutorias_asesoria_pkey" PRIMARY KEY (id);


--
-- Name: Tutorias_historialcambiotutoria Tutorias_historialcambiotutoria_pkey; Type: CONSTRAINT; Schema: public; Owner: postgres
--

ALTER TABLE ONLY public."Tutorias_historialcambiotutoria"
    ADD CONSTRAINT "Tutorias_historialcambiotutoria_pkey" PRIMARY KEY (id);


--
-- Name: Tutorias_tutoria Tutorias_tutoria_pkey; Type: CONSTRAINT; Schema: public; Owner: postgres
--

ALTER TABLE ONLY public."Tutorias_tutoria"
    ADD CONSTRAINT "Tutorias_tutoria_pkey" PRIMARY KEY (id);


--
-- Name: Usuarios_alumno Usuarios_alumno_pkey; Type: CONSTRAINT; Schema: public; Owner: postgres
--

ALTER TABLE ONLY public."Usuarios_alumno"
    ADD CONSTRAINT "Usuarios_alumno_pkey" PRIMARY KEY (usuario_ptr_id);


--
-- Name: Usuarios_coda Usuarios_coda_pkey; Type: CONSTRAINT; Schema: public; Owner: postgres
--

ALTER TABLE ONLY public."Usuarios_coda"
    ADD CONSTRAINT "Usuarios_coda_pkey" PRIMARY KEY (usuario_ptr_id);


--
-- Name: Usuarios_cordinador Usuarios_cordinador_pkey; Type: CONSTRAINT; Schema: public; Owner: postgres
--

ALTER TABLE ONLY public."Usuarios_cordinador"
    ADD CONSTRAINT "Usuarios_cordinador_pkey" PRIMARY KEY (usuario_ptr_id);


--
-- Name: Usuarios_cordinador Usuarios_cordinador_tutor_relacion_id_key; Type: CONSTRAINT; Schema: public; Owner: postgres
--

ALTER TABLE ONLY public."Usuarios_cordinador"
    ADD CONSTRAINT "Usuarios_cordinador_tutor_relacion_id_key" UNIQUE (tutor_relacion_id);


--
-- Name: Usuarios_documento Usuarios_documento_nombre_key; Type: CONSTRAINT; Schema: public; Owner: postgres
--

ALTER TABLE ONLY public."Usuarios_documento"
    ADD CONSTRAINT "Usuarios_documento_nombre_key" UNIQUE (nombre);


--
-- Name: Usuarios_documento Usuarios_documento_pkey; Type: CONSTRAINT; Schema: public; Owner: postgres
--

ALTER TABLE ONLY public."Usuarios_documento"
    ADD CONSTRAINT "Usuarios_documento_pkey" PRIMARY KEY (id);


--
-- Name: Usuarios_tutor Usuarios_tutor_pkey; Type: CONSTRAINT; Schema: public; Owner: postgres
--

ALTER TABLE ONLY public."Usuarios_tutor"
    ADD CONSTRAINT "Usuarios_tutor_pkey" PRIMARY KEY (usuario_ptr_id);


--
-- Name: Usuarios_usuario Usuarios_usuario_email_key; Type: CONSTRAINT; Schema: public; Owner: postgres
--

ALTER TABLE ONLY public."Usuarios_usuario"
    ADD CONSTRAINT "Usuarios_usuario_email_key" UNIQUE (email);


--
-- Name: Usuarios_usuario_groups Usuarios_usuario_groups_pkey; Type: CONSTRAINT; Schema: public; Owner: postgres
--

ALTER TABLE ONLY public."Usuarios_usuario_groups"
    ADD CONSTRAINT "Usuarios_usuario_groups_pkey" PRIMARY KEY (id);


--
-- Name: Usuarios_usuario_groups Usuarios_usuario_groups_usuario_id_group_id_974fbf5c_uniq; Type: CONSTRAINT; Schema: public; Owner: postgres
--

ALTER TABLE ONLY public."Usuarios_usuario_groups"
    ADD CONSTRAINT "Usuarios_usuario_groups_usuario_id_group_id_974fbf5c_uniq" UNIQUE (usuario_id, group_id);


--
-- Name: Usuarios_usuario Usuarios_usuario_matricula_key; Type: CONSTRAINT; Schema: public; Owner: postgres
--

ALTER TABLE ONLY public."Usuarios_usuario"
    ADD CONSTRAINT "Usuarios_usuario_matricula_key" UNIQUE (matricula);


--
-- Name: Usuarios_usuario Usuarios_usuario_pkey; Type: CONSTRAINT; Schema: public; Owner: postgres
--

ALTER TABLE ONLY public."Usuarios_usuario"
    ADD CONSTRAINT "Usuarios_usuario_pkey" PRIMARY KEY (id);


--
-- Name: Usuarios_usuario_user_permissions Usuarios_usuario_user_pe_usuario_id_permission_id_d113e22f_uniq; Type: CONSTRAINT; Schema: public; Owner: postgres
--

ALTER TABLE ONLY public."Usuarios_usuario_user_permissions"
    ADD CONSTRAINT "Usuarios_usuario_user_pe_usuario_id_permission_id_d113e22f_uniq" UNIQUE (usuario_id, permission_id);


--
-- Name: Usuarios_usuario_user_permissions Usuarios_usuario_user_permissions_pkey; Type: CONSTRAINT; Schema: public; Owner: postgres
--

ALTER TABLE ONLY public."Usuarios_usuario_user_permissions"
    ADD CONSTRAINT "Usuarios_usuario_user_permissions_pkey" PRIMARY KEY (id);


--
-- Name: auth_group auth_group_name_key; Type: CONSTRAINT; Schema: public; Owner: postgres
--

ALTER TABLE ONLY public.auth_group
    ADD CONSTRAINT auth_group_name_key UNIQUE (name);


--
-- Name: auth_group_permissions auth_group_permissions_group_id_permission_id_0cd325b0_uniq; Type: CONSTRAINT; Schema: public; Owner: postgres
--

ALTER TABLE ONLY public.auth_group_permissions
    ADD CONSTRAINT auth_group_permissions_group_id_permission_id_0cd325b0_uniq UNIQUE (group_id, permission_id);


--
-- Name: auth_group_permissions auth_group_permissions_pkey; Type: CONSTRAINT; Schema: public; Owner: postgres
--

ALTER TABLE ONLY public.auth_group_permissions
    ADD CONSTRAINT auth_group_permissions_pkey PRIMARY KEY (id);


--
-- Name: auth_group auth_group_pkey; Type: CONSTRAINT; Schema: public; Owner: postgres
--

ALTER TABLE ONLY public.auth_group
    ADD CONSTRAINT auth_group_pkey PRIMARY KEY (id);


--
-- Name: auth_permission auth_permission_content_type_id_codename_01ab375a_uniq; Type: CONSTRAINT; Schema: public; Owner: postgres
--

ALTER TABLE ONLY public.auth_permission
    ADD CONSTRAINT auth_permission_content_type_id_codename_01ab375a_uniq UNIQUE (content_type_id, codename);


--
-- Name: auth_permission auth_permission_pkey; Type: CONSTRAINT; Schema: public; Owner: postgres
--

ALTER TABLE ONLY public.auth_permission
    ADD CONSTRAINT auth_permission_pkey PRIMARY KEY (id);


--
-- Name: django_admin_log django_admin_log_pkey; Type: CONSTRAINT; Schema: public; Owner: postgres
--

ALTER TABLE ONLY public.django_admin_log
    ADD CONSTRAINT django_admin_log_pkey PRIMARY KEY (id);


--
-- Name: django_content_type django_content_type_app_label_model_76bd3d3b_uniq; Type: CONSTRAINT; Schema: public; Owner: postgres
--

ALTER TABLE ONLY public.django_content_type
    ADD CONSTRAINT django_content_type_app_label_model_76bd3d3b_uniq UNIQUE (app_label, model);


--
-- Name: django_content_type django_content_type_pkey; Type: CONSTRAINT; Schema: public; Owner: postgres
--

ALTER TABLE ONLY public.django_content_type
    ADD CONSTRAINT django_content_type_pkey PRIMARY KEY (id);


--
-- Name: django_migrations django_migrations_pkey; Type: CONSTRAINT; Schema: public; Owner: postgres
--

ALTER TABLE ONLY public.django_migrations
    ADD CONSTRAINT django_migrations_pkey PRIMARY KEY (id);


--
-- Name: django_session django_session_pkey; Type: CONSTRAINT; Schema: public; Owner: postgres
--

ALTER TABLE ONLY public.django_session
    ADD CONSTRAINT django_session_pkey PRIMARY KEY (session_key);


--
-- Name: notifications_notification notifications_notification_pkey; Type: CONSTRAINT; Schema: public; Owner: postgres
--

ALTER TABLE ONLY public.notifications_notification
    ADD CONSTRAINT notifications_notification_pkey PRIMARY KEY (id);


--
-- Name: Tutorias_asesoria_alumno_id_8d7ccab0; Type: INDEX; Schema: public; Owner: postgres
--

CREATE INDEX "Tutorias_asesoria_alumno_id_8d7ccab0" ON public."Tutorias_asesoria" USING btree (alumno_id);


--
-- Name: Tutorias_asesoria_tutor_id_2d0d4c53; Type: INDEX; Schema: public; Owner: postgres
--

CREATE INDEX "Tutorias_asesoria_tutor_id_2d0d4c53" ON public."Tutorias_asesoria" USING btree (tutor_id);


--
-- Name: Tutorias_historialcambiotutoria_tutoria_id_dcc1fc6d; Type: INDEX; Schema: public; Owner: postgres
--

CREATE INDEX "Tutorias_historialcambiotutoria_tutoria_id_dcc1fc6d" ON public."Tutorias_historialcambiotutoria" USING btree (tutoria_id);


--
-- Name: Tutorias_tutoria_alumno_id_31c9c07c; Type: INDEX; Schema: public; Owner: postgres
--

CREATE INDEX "Tutorias_tutoria_alumno_id_31c9c07c" ON public."Tutorias_tutoria" USING btree (alumno_id);


--
-- Name: Tutorias_tutoria_tutor_id_2af3810a; Type: INDEX; Schema: public; Owner: postgres
--

CREATE INDEX "Tutorias_tutoria_tutor_id_2af3810a" ON public."Tutorias_tutoria" USING btree (tutor_id);


--
-- Name: Usuarios_alumno_tutor_asignado_id_82f5f5cf; Type: INDEX; Schema: public; Owner: postgres
--

CREATE INDEX "Usuarios_alumno_tutor_asignado_id_82f5f5cf" ON public."Usuarios_alumno" USING btree (tutor_asignado_id);


--
-- Name: Usuarios_documento_nombre_a0e72026_like; Type: INDEX; Schema: public; Owner: postgres
--

CREATE INDEX "Usuarios_documento_nombre_a0e72026_like" ON public."Usuarios_documento" USING btree (nombre varchar_pattern_ops);


--
-- Name: Usuarios_usuario_email_29968e21_like; Type: INDEX; Schema: public; Owner: postgres
--

CREATE INDEX "Usuarios_usuario_email_29968e21_like" ON public."Usuarios_usuario" USING btree (email varchar_pattern_ops);


--
-- Name: Usuarios_usuario_groups_group_id_cf7bd56f; Type: INDEX; Schema: public; Owner: postgres
--

CREATE INDEX "Usuarios_usuario_groups_group_id_cf7bd56f" ON public."Usuarios_usuario_groups" USING btree (group_id);


--
-- Name: Usuarios_usuario_groups_usuario_id_f3985b6d; Type: INDEX; Schema: public; Owner: postgres
--

CREATE INDEX "Usuarios_usuario_groups_usuario_id_f3985b6d" ON public."Usuarios_usuario_groups" USING btree (usuario_id);


--
-- Name: Usuarios_usuario_matricula_78c347b9_like; Type: INDEX; Schema: public; Owner: postgres
--

CREATE INDEX "Usuarios_usuario_matricula_78c347b9_like" ON public."Usuarios_usuario" USING btree (matricula varchar_pattern_ops);


--
-- Name: Usuarios_usuario_user_permissions_permission_id_4a44c74d; Type: INDEX; Schema: public; Owner: postgres
--

CREATE INDEX "Usuarios_usuario_user_permissions_permission_id_4a44c74d" ON public."Usuarios_usuario_user_permissions" USING btree (permission_id);


--
-- Name: Usuarios_usuario_user_permissions_usuario_id_9d2fc700; Type: INDEX; Schema: public; Owner: postgres
--

CREATE INDEX "Usuarios_usuario_user_permissions_usuario_id_9d2fc700" ON public."Usuarios_usuario_user_permissions" USING btree (usuario_id);


--
-- Name: auth_group_name_a6ea08ec_like; Type: INDEX; Schema: public; Owner: postgres
--

CREATE INDEX auth_group_name_a6ea08ec_like ON public.auth_group USING btree (name varchar_pattern_ops);


--
-- Name: auth_group_permissions_group_id_b120cbf9; Type: INDEX; Schema: public; Owner: postgres
--

CREATE INDEX auth_group_permissions_group_id_b120cbf9 ON public.auth_group_permissions USING btree (group_id);


--
-- Name: auth_group_permissions_permission_id_84c5c92e; Type: INDEX; Schema: public; Owner: postgres
--

CREATE INDEX auth_group_permissions_permission_id_84c5c92e ON public.auth_group_permissions USING btree (permission_id);


--
-- Name: auth_permission_content_type_id_2f476e4b; Type: INDEX; Schema: public; Owner: postgres
--

CREATE INDEX auth_permission_content_type_id_2f476e4b ON public.auth_permission USING btree (content_type_id);


--
-- Name: django_admin_log_content_type_id_c4bce8eb; Type: INDEX; Schema: public; Owner: postgres
--

CREATE INDEX django_admin_log_content_type_id_c4bce8eb ON public.django_admin_log USING btree (content_type_id);


--
-- Name: django_admin_log_user_id_c564eba6; Type: INDEX; Schema: public; Owner: postgres
--

CREATE INDEX django_admin_log_user_id_c564eba6 ON public.django_admin_log USING btree (user_id);


--
-- Name: django_session_expire_date_a5c62663; Type: INDEX; Schema: public; Owner: postgres
--

CREATE INDEX django_session_expire_date_a5c62663 ON public.django_session USING btree (expire_date);


--
-- Name: django_session_session_key_c0390e0f_like; Type: INDEX; Schema: public; Owner: postgres
--

CREATE INDEX django_session_session_key_c0390e0f_like ON public.django_session USING btree (session_key varchar_pattern_ops);


--
-- Name: notifications_notification_action_object_content_type_7d2b8ee9; Type: INDEX; Schema: public; Owner: postgres
--

CREATE INDEX notifications_notification_action_object_content_type_7d2b8ee9 ON public.notifications_notification USING btree (action_object_content_type_id);


--
-- Name: notifications_notification_actor_content_type_id_0c69d7b7; Type: INDEX; Schema: public; Owner: postgres
--

CREATE INDEX notifications_notification_actor_content_type_id_0c69d7b7 ON public.notifications_notification USING btree (actor_content_type_id);


--
-- Name: notifications_notification_deleted_b32b69e6; Type: INDEX; Schema: public; Owner: postgres
--

CREATE INDEX notifications_notification_deleted_b32b69e6 ON public.notifications_notification USING btree (deleted);


--
-- Name: notifications_notification_emailed_23a5ad81; Type: INDEX; Schema: public; Owner: postgres
--

CREATE INDEX notifications_notification_emailed_23a5ad81 ON public.notifications_notification USING btree (emailed);


--
-- Name: notifications_notification_public_1bc30b1c; Type: INDEX; Schema: public; Owner: postgres
--

CREATE INDEX notifications_notification_public_1bc30b1c ON public.notifications_notification USING btree (public);


--
-- Name: notifications_notification_recipient_id_d055f3f0; Type: INDEX; Schema: public; Owner: postgres
--

CREATE INDEX notifications_notification_recipient_id_d055f3f0 ON public.notifications_notification USING btree (recipient_id);


--
-- Name: notifications_notification_recipient_id_unread_253aadc9_idx; Type: INDEX; Schema: public; Owner: postgres
--

CREATE INDEX notifications_notification_recipient_id_unread_253aadc9_idx ON public.notifications_notification USING btree (recipient_id, unread);


--
-- Name: notifications_notification_target_content_type_id_ccb24d88; Type: INDEX; Schema: public; Owner: postgres
--

CREATE INDEX notifications_notification_target_content_type_id_ccb24d88 ON public.notifications_notification USING btree (target_content_type_id);


--
-- Name: notifications_notification_timestamp_6a797bad; Type: INDEX; Schema: public; Owner: postgres
--

CREATE INDEX notifications_notification_timestamp_6a797bad ON public.notifications_notification USING btree ("timestamp");


--
-- Name: notifications_notification_unread_cce4be30; Type: INDEX; Schema: public; Owner: postgres
--

CREATE INDEX notifications_notification_unread_cce4be30 ON public.notifications_notification USING btree (unread);


--
-- Name: Tutorias_asesoria Tutorias_asesoria_alumno_id_8d7ccab0_fk_Usuarios_; Type: FK CONSTRAINT; Schema: public; Owner: postgres
--

ALTER TABLE ONLY public."Tutorias_asesoria"
    ADD CONSTRAINT "Tutorias_asesoria_alumno_id_8d7ccab0_fk_Usuarios_" FOREIGN KEY (alumno_id) REFERENCES public."Usuarios_alumno"(usuario_ptr_id) DEFERRABLE INITIALLY DEFERRED;


--
-- Name: Tutorias_asesoria Tutorias_asesoria_tutor_id_2d0d4c53_fk_Usuarios_; Type: FK CONSTRAINT; Schema: public; Owner: postgres
--

ALTER TABLE ONLY public."Tutorias_asesoria"
    ADD CONSTRAINT "Tutorias_asesoria_tutor_id_2d0d4c53_fk_Usuarios_" FOREIGN KEY (tutor_id) REFERENCES public."Usuarios_tutor"(usuario_ptr_id) DEFERRABLE INITIALLY DEFERRED;


--
-- Name: Tutorias_historialcambiotutoria Tutorias_historialca_tutoria_id_dcc1fc6d_fk_Tutorias_; Type: FK CONSTRAINT; Schema: public; Owner: postgres
--

ALTER TABLE ONLY public."Tutorias_historialcambiotutoria"
    ADD CONSTRAINT "Tutorias_historialca_tutoria_id_dcc1fc6d_fk_Tutorias_" FOREIGN KEY (tutoria_id) REFERENCES public."Tutorias_tutoria"(id) DEFERRABLE INITIALLY DEFERRED;


--
-- Name: Tutorias_tutoria Tutorias_tutoria_alumno_id_31c9c07c_fk_Usuarios_; Type: FK CONSTRAINT; Schema: public; Owner: postgres
--

ALTER TABLE ONLY public."Tutorias_tutoria"
    ADD CONSTRAINT "Tutorias_tutoria_alumno_id_31c9c07c_fk_Usuarios_" FOREIGN KEY (alumno_id) REFERENCES public."Usuarios_alumno"(usuario_ptr_id) DEFERRABLE INITIALLY DEFERRED;


--
-- Name: Tutorias_tutoria Tutorias_tutoria_tutor_id_2af3810a_fk_Usuarios_; Type: FK CONSTRAINT; Schema: public; Owner: postgres
--

ALTER TABLE ONLY public."Tutorias_tutoria"
    ADD CONSTRAINT "Tutorias_tutoria_tutor_id_2af3810a_fk_Usuarios_" FOREIGN KEY (tutor_id) REFERENCES public."Usuarios_tutor"(usuario_ptr_id) DEFERRABLE INITIALLY DEFERRED;


--
-- Name: Usuarios_alumno Usuarios_alumno_tutor_asignado_id_82f5f5cf_fk_Usuarios_; Type: FK CONSTRAINT; Schema: public; Owner: postgres
--

ALTER TABLE ONLY public."Usuarios_alumno"
    ADD CONSTRAINT "Usuarios_alumno_tutor_asignado_id_82f5f5cf_fk_Usuarios_" FOREIGN KEY (tutor_asignado_id) REFERENCES public."Usuarios_tutor"(usuario_ptr_id) DEFERRABLE INITIALLY DEFERRED;


--
-- Name: Usuarios_alumno Usuarios_alumno_usuario_ptr_id_0765e508_fk_Usuarios_usuario_id; Type: FK CONSTRAINT; Schema: public; Owner: postgres
--

ALTER TABLE ONLY public."Usuarios_alumno"
    ADD CONSTRAINT "Usuarios_alumno_usuario_ptr_id_0765e508_fk_Usuarios_usuario_id" FOREIGN KEY (usuario_ptr_id) REFERENCES public."Usuarios_usuario"(id) DEFERRABLE INITIALLY DEFERRED;


--
-- Name: Usuarios_coda Usuarios_coda_usuario_ptr_id_b914d5c4_fk_Usuarios_usuario_id; Type: FK CONSTRAINT; Schema: public; Owner: postgres
--

ALTER TABLE ONLY public."Usuarios_coda"
    ADD CONSTRAINT "Usuarios_coda_usuario_ptr_id_b914d5c4_fk_Usuarios_usuario_id" FOREIGN KEY (usuario_ptr_id) REFERENCES public."Usuarios_usuario"(id) DEFERRABLE INITIALLY DEFERRED;


--
-- Name: Usuarios_cordinador Usuarios_cordinador_tutor_relacion_id_190092cc_fk_Usuarios_; Type: FK CONSTRAINT; Schema: public; Owner: postgres
--

ALTER TABLE ONLY public."Usuarios_cordinador"
    ADD CONSTRAINT "Usuarios_cordinador_tutor_relacion_id_190092cc_fk_Usuarios_" FOREIGN KEY (tutor_relacion_id) REFERENCES public."Usuarios_tutor"(usuario_ptr_id) DEFERRABLE INITIALLY DEFERRED;


--
-- Name: Usuarios_cordinador Usuarios_cordinador_usuario_ptr_id_2c3e3484_fk_Usuarios_; Type: FK CONSTRAINT; Schema: public; Owner: postgres
--

ALTER TABLE ONLY public."Usuarios_cordinador"
    ADD CONSTRAINT "Usuarios_cordinador_usuario_ptr_id_2c3e3484_fk_Usuarios_" FOREIGN KEY (usuario_ptr_id) REFERENCES public."Usuarios_usuario"(id) DEFERRABLE INITIALLY DEFERRED;


--
-- Name: Usuarios_tutor Usuarios_tutor_usuario_ptr_id_3ee43448_fk_Usuarios_usuario_id; Type: FK CONSTRAINT; Schema: public; Owner: postgres
--

ALTER TABLE ONLY public."Usuarios_tutor"
    ADD CONSTRAINT "Usuarios_tutor_usuario_ptr_id_3ee43448_fk_Usuarios_usuario_id" FOREIGN KEY (usuario_ptr_id) REFERENCES public."Usuarios_usuario"(id) DEFERRABLE INITIALLY DEFERRED;


--
-- Name: Usuarios_usuario_groups Usuarios_usuario_gro_usuario_id_f3985b6d_fk_Usuarios_; Type: FK CONSTRAINT; Schema: public; Owner: postgres
--

ALTER TABLE ONLY public."Usuarios_usuario_groups"
    ADD CONSTRAINT "Usuarios_usuario_gro_usuario_id_f3985b6d_fk_Usuarios_" FOREIGN KEY (usuario_id) REFERENCES public."Usuarios_usuario"(id) DEFERRABLE INITIALLY DEFERRED;


--
-- Name: Usuarios_usuario_groups Usuarios_usuario_groups_group_id_cf7bd56f_fk_auth_group_id; Type: FK CONSTRAINT; Schema: public; Owner: postgres
--

ALTER TABLE ONLY public."Usuarios_usuario_groups"
    ADD CONSTRAINT "Usuarios_usuario_groups_group_id_cf7bd56f_fk_auth_group_id" FOREIGN KEY (group_id) REFERENCES public.auth_group(id) DEFERRABLE INITIALLY DEFERRED;


--
-- Name: Usuarios_usuario_user_permissions Usuarios_usuario_use_permission_id_4a44c74d_fk_auth_perm; Type: FK CONSTRAINT; Schema: public; Owner: postgres
--

ALTER TABLE ONLY public."Usuarios_usuario_user_permissions"
    ADD CONSTRAINT "Usuarios_usuario_use_permission_id_4a44c74d_fk_auth_perm" FOREIGN KEY (permission_id) REFERENCES public.auth_permission(id) DEFERRABLE INITIALLY DEFERRED;


--
-- Name: Usuarios_usuario_user_permissions Usuarios_usuario_use_usuario_id_9d2fc700_fk_Usuarios_; Type: FK CONSTRAINT; Schema: public; Owner: postgres
--

ALTER TABLE ONLY public."Usuarios_usuario_user_permissions"
    ADD CONSTRAINT "Usuarios_usuario_use_usuario_id_9d2fc700_fk_Usuarios_" FOREIGN KEY (usuario_id) REFERENCES public."Usuarios_usuario"(id) DEFERRABLE INITIALLY DEFERRED;


--
-- Name: auth_group_permissions auth_group_permissio_permission_id_84c5c92e_fk_auth_perm; Type: FK CONSTRAINT; Schema: public; Owner: postgres
--

ALTER TABLE ONLY public.auth_group_permissions
    ADD CONSTRAINT auth_group_permissio_permission_id_84c5c92e_fk_auth_perm FOREIGN KEY (permission_id) REFERENCES public.auth_permission(id) DEFERRABLE INITIALLY DEFERRED;


--
-- Name: auth_group_permissions auth_group_permissions_group_id_b120cbf9_fk_auth_group_id; Type: FK CONSTRAINT; Schema: public; Owner: postgres
--

ALTER TABLE ONLY public.auth_group_permissions
    ADD CONSTRAINT auth_group_permissions_group_id_b120cbf9_fk_auth_group_id FOREIGN KEY (group_id) REFERENCES public.auth_group(id) DEFERRABLE INITIALLY DEFERRED;


--
-- Name: auth_permission auth_permission_content_type_id_2f476e4b_fk_django_co; Type: FK CONSTRAINT; Schema: public; Owner: postgres
--

ALTER TABLE ONLY public.auth_permission
    ADD CONSTRAINT auth_permission_content_type_id_2f476e4b_fk_django_co FOREIGN KEY (content_type_id) REFERENCES public.django_content_type(id) DEFERRABLE INITIALLY DEFERRED;


--
-- Name: django_admin_log django_admin_log_content_type_id_c4bce8eb_fk_django_co; Type: FK CONSTRAINT; Schema: public; Owner: postgres
--

ALTER TABLE ONLY public.django_admin_log
    ADD CONSTRAINT django_admin_log_content_type_id_c4bce8eb_fk_django_co FOREIGN KEY (content_type_id) REFERENCES public.django_content_type(id) DEFERRABLE INITIALLY DEFERRED;


--
-- Name: django_admin_log django_admin_log_user_id_c564eba6_fk_Usuarios_usuario_id; Type: FK CONSTRAINT; Schema: public; Owner: postgres
--

ALTER TABLE ONLY public.django_admin_log
    ADD CONSTRAINT "django_admin_log_user_id_c564eba6_fk_Usuarios_usuario_id" FOREIGN KEY (user_id) REFERENCES public."Usuarios_usuario"(id) DEFERRABLE INITIALLY DEFERRED;


--
-- Name: notifications_notification notifications_notifi_action_object_conten_7d2b8ee9_fk_django_co; Type: FK CONSTRAINT; Schema: public; Owner: postgres
--

ALTER TABLE ONLY public.notifications_notification
    ADD CONSTRAINT notifications_notifi_action_object_conten_7d2b8ee9_fk_django_co FOREIGN KEY (action_object_content_type_id) REFERENCES public.django_content_type(id) DEFERRABLE INITIALLY DEFERRED;


--
-- Name: notifications_notification notifications_notifi_actor_content_type_i_0c69d7b7_fk_django_co; Type: FK CONSTRAINT; Schema: public; Owner: postgres
--

ALTER TABLE ONLY public.notifications_notification
    ADD CONSTRAINT notifications_notifi_actor_content_type_i_0c69d7b7_fk_django_co FOREIGN KEY (actor_content_type_id) REFERENCES public.django_content_type(id) DEFERRABLE INITIALLY DEFERRED;


--
-- Name: notifications_notification notifications_notifi_recipient_id_d055f3f0_fk_Usuarios_; Type: FK CONSTRAINT; Schema: public; Owner: postgres
--

ALTER TABLE ONLY public.notifications_notification
    ADD CONSTRAINT "notifications_notifi_recipient_id_d055f3f0_fk_Usuarios_" FOREIGN KEY (recipient_id) REFERENCES public."Usuarios_usuario"(id) DEFERRABLE INITIALLY DEFERRED;


--
-- Name: notifications_notification notifications_notifi_target_content_type__ccb24d88_fk_django_co; Type: FK CONSTRAINT; Schema: public; Owner: postgres
--

ALTER TABLE ONLY public.notifications_notification
    ADD CONSTRAINT notifications_notifi_target_content_type__ccb24d88_fk_django_co FOREIGN KEY (target_content_type_id) REFERENCES public.django_content_type(id) DEFERRABLE INITIALLY DEFERRED;


--
-- PostgreSQL database dump complete
--

\unrestrict W6gpXzxEvyqpMut7CpRl8Loj2ITP03K3zB1Gh7edJeNx4f71Ul8qDS4okFsHYzw

